batch,gen_loss
0,34.3015213012695
1,36.2542724609375
2,22.6118850708008
3,34.9036331176758
4,32.8000755310059
5,35.518180847168
6,36.5059471130371
7,37.2966766357422
8,36.6274604797363
9,37.7087669372559
10,37.7130851745605
11,36.97021484375
12,38.5526733398437
13,37.7321472167969
14,37.5407600402832
15,38.3189430236816
16,34.7697830200195
17,7.31956958770752
18,34.435546875
19,39.4884872436523
20,42.1558723449707
21,43.0061187744141
22,42.2467651367188
23,43.0496978759766
24,41.992546081543
25,37.8958740234375
26,32.6222991943359
27,30.4524993896484
28,29.2379589080811
29,28.7030735015869
30,24.2610206604004
31,25.30149269104
32,26.3814697265625
33,23.2064933776855
34,25.0276393890381
35,24.8756675720215
36,26.0424270629883
37,23.5922203063965
38,18.4850158691406
39,52.2686462402344
40,51.9862976074219
41,53.2538566589355
42,39.4427795410156
43,32.1866111755371
44,54.8869705200195
45,56.239990234375
46,61.1781425476074
47,50.7538986206055
48,45.0056571960449
49,40.3286361694336
50,37.6686706542969
51,28.5898723602295
52,41.3080940246582
53,47.3239250183106
54,34.58349609375
55,32.1992111206055
56,31.5125465393066
57,25.5678195953369
58,28.7102184295654
59,24.0896015167236
60,32.5986557006836
61,39.7862396240234
62,38.5912399291992
63,35.2461891174316
64,38.7759971618652
65,36.9486541748047
66,34.6360549926758
67,28.5188961029053
68,26.6539249420166
69,32.8061790466309
70,32.8438911437988
71,37.2975158691406
72,32.9771957397461
73,22.5745372772217
74,77.7625198364258
75,66.7735977172852
76,61.7992820739746
77,59.4287300109863
78,58.4406623840332
79,51.1343650817871
80,47.9621391296387
81,46.204345703125
82,44.4866409301758
83,44.242488861084
84,44.0817031860352
85,44.4277153015137
86,44.5446586608887
87,42.6874389648438
88,44.6088027954102
89,43.7228469848633
90,43.9145393371582
91,44.5217781066895
92,43.6271095275879
93,44.058952331543
94,40.4795188903809
95,43.6607131958008
96,44.1158447265625
97,43.5552864074707
98,44.052059173584
99,44.4580345153809
100,43.0340614318848
101,44.4973640441895
102,42.9054870605469
103,44.0196228027344
104,44.5506820678711
105,44.3256340026855
106,44.7580986022949
107,44.2278900146484
108,43.0819702148438
109,44.2724342346191
110,43.7347450256348
111,44.460865020752
112,43.6284523010254
113,43.8866882324219
114,44.0849151611328
115,44.1753196716309
116,44.3108749389648
117,44.0601463317871
118,43.1355857849121
119,43.3381500244141
120,43.9361953735352
121,44.4310188293457
122,43.8628997802734
123,44.5931053161621
124,44.4356498718262
125,44.3296279907227
126,43.9726409912109
127,44.570613861084
128,44.3918647766113
129,44.3027954101563
130,43.586540222168
131,43.9470024108887
132,43.919319152832
133,43.5241241455078
134,43.5865135192871
135,43.9009475708008
136,41.7202644348145
137,42.4978256225586
138,44.2571029663086
139,43.8761177062988
140,43.6882400512695
141,44.1824455261231
142,44.5467262268066
143,43.806209564209
144,44.5575485229492
145,44.6535186767578
146,44.1307640075684
147,44.4919090270996
148,44.4092178344727
149,44.1063842773437
150,44.1066055297852
151,43.634204864502
152,44.7166328430176
153,44.4552001953125
154,44.4713172912598
155,43.7397689819336
156,44.1432228088379
157,43.0624618530274
158,43.8869819641113
159,44.5738067626953
160,44.2819442749024
161,43.5974197387695
162,44.4543037414551
163,43.9441184997559
164,43.4033279418945
165,43.0825042724609
166,43.5014724731445
167,44.5441741943359
168,44.4369087219238
169,43.1943702697754
170,44.3632621765137
171,44.2369079589844
172,41.7827186584473
173,44.4034004211426
174,44.3518142700195
175,43.5947647094727
176,43.4040603637695
177,44.066276550293
178,44.6561164855957
179,43.9589691162109
180,43.9815139770508
181,44.4002418518066
182,44.283935546875
183,44.5582008361816
184,44.6115226745606
185,44.4198188781738
186,44.1396865844727
187,43.965877532959
188,43.8635444641113
189,44.58203125
190,43.4997749328613
191,44.5195121765137
192,44.5058403015137
193,44.535213470459
194,44.2933349609375
195,44.4659843444824
196,43.3724098205566
197,44.4808692932129
198,44.1338653564453
199,44.6682739257813
200,44.3258628845215
201,44.030158996582
202,43.3366088867188
203,42.7964935302734
204,44.1494522094727
205,43.2523040771484
206,44.4909477233887
207,44.0437393188477
208,43.6585311889648
209,43.3086624145508
210,44.4404296875
211,44.5065765380859
212,44.4315795898438
213,44.4439888000488
214,44.2352676391602
215,44.3501892089844
216,43.2719993591309
217,44.3466491699219
218,44.5828590393066
219,44.38232421875
220,44.3182106018066
221,43.7317390441895
222,44.2376403808594
223,44.3788566589356
224,44.425651550293
225,44.5968894958496
226,44.2087936401367
227,44.5667572021484
228,44.3897895812988
229,44.5637702941895
230,43.7317085266113
231,42.6285285949707
232,44.2803497314453
233,43.316780090332
234,44.1568832397461
235,43.7770385742188
236,41.6736335754395
237,44.545768737793
238,43.8141021728516
239,43.635627746582
240,43.0077247619629
241,43.5582160949707
242,43.6944046020508
243,44.2614593505859
244,44.429271697998
245,44.354736328125
246,44.0036888122559
247,44.3642768859863
248,44.374683380127
249,44.5275039672852
250,44.1961212158203
251,44.3294143676758
252,44.3147048950195
253,44.4225387573242
254,44.0452537536621
255,44.0074691772461
256,44.5698127746582
257,44.5109558105469
258,44.5771408081055
259,44.7057037353516
260,43.6059188842773
261,43.8606834411621
262,44.4331550598145
263,44.6812286376953
264,44.271240234375
265,43.9860649108887
266,43.2439842224121
267,44.5522193908691
268,44.2644958496094
269,44.1538162231445
270,43.7110328674316
271,44.6123733520508
272,44.4941787719727
273,44.2824592590332
274,42.217399597168
275,43.9047698974609
276,44.31494140625
277,44.3651962280273
278,43.9653205871582
279,44.3795394897461
280,44.665828704834
281,43.325569152832
282,44.5636901855469
283,44.5860481262207
284,44.1937599182129
285,44.3744239807129
286,44.3644218444824
287,43.8085632324219
288,43.9724197387695
289,43.7431831359863
290,44.212158203125
291,44.1255416870117
292,44.3364448547363
293,44.370849609375
294,43.8775787353516
295,44.4488792419434
296,44.3585548400879
297,44.0168533325195
298,43.8725090026856
299,44.7025756835938
300,44.347713470459
301,44.0463333129883
302,44.4566688537598
303,44.5692672729492
304,44.3907127380371
305,43.3372535705566
306,44.6147003173828
307,42.6144866943359
308,44.6209106445312
309,44.2305641174316
310,44.4587478637695
311,44.6888999938965
312,44.4289741516113
313,43.9001655578613
314,44.6215972900391
315,44.2751808166504
316,44.288948059082
317,43.9769287109375
318,43.8942680358887
319,44.5855865478516
320,44.6488761901856
321,44.3587188720703
322,44.1470489501953
323,43.9215927124023
324,44.4094848632813
325,44.1872940063477
326,44.7161140441895
327,44.5144233703613
328,43.010799407959
329,42.1342506408691
330,44.1359024047852
331,44.4408378601074
332,44.4064331054688
333,44.4796867370606
334,44.4464683532715
335,44.4279098510742
336,44.4144134521484
337,43.6210975646973
338,44.4677734375
339,42.7095222473145
340,44.4865417480469
341,44.2211647033691
342,43.6090698242188
343,43.6036109924316
344,44.4544677734375
345,44.3014945983887
346,43.2855262756348
347,44.4401893615723
348,43.3244285583496
349,43.8401756286621
350,44.2028694152832
351,43.8787117004395
352,43.8212776184082
353,44.1750755310059
354,44.7067260742188
355,44.0098342895508
356,42.5981063842773
357,43.8649406433106
358,43.6622505187988
359,44.4648666381836
360,44.5113868713379
361,43.4087677001953
362,44.423095703125
363,43.964771270752
364,43.6775283813477
365,43.3068161010742
366,42.1552391052246
367,44.1247444152832
368,44.3158302307129
369,44.3435821533203
370,44.2766876220703
371,44.5381126403809
372,43.600154876709
373,44.166919708252
374,44.6068801879883
375,44.3244819641113
376,44.4697952270508
377,43.9562797546387
378,43.2919998168945
379,44.7388458251953
380,42.1557655334473
381,44.497631072998
382,42.5924224853516
383,44.1864738464355
384,44.2053833007813
385,44.179313659668
386,44.5603713989258
387,44.7042236328125
388,44.2233963012695
389,44.5174827575684
390,44.4748458862305
391,44.5035743713379
392,44.1978302001953
393,44.4183502197266
394,43.5020027160645
395,44.2426376342773
396,43.7950668334961
397,42.6252632141113
398,43.0455513000488
399,44.2706527709961
400,44.2365074157715
401,44.1509857177734
402,44.3752136230469
403,44.5113334655762
404,44.438117980957
405,44.4300880432129
406,44.6926612854004
407,44.6001663208008
408,43.6915321350098
409,44.5874519348145
410,44.3566589355469
411,44.4622077941895
412,43.5597496032715
413,44.2460823059082
414,43.1193656921387
415,44.3897361755371
416,44.2363624572754
417,44.5311012268066
418,44.1122169494629
419,43.5668869018555
420,43.698055267334
421,44.5560722351074
422,42.8421287536621
423,44.053955078125
424,44.4007911682129
425,44.460807800293
426,44.5656929016113
427,44.5349502563477
428,44.0879669189453
429,44.4583473205566
430,44.2801666259766
431,44.2171669006348
432,44.3142471313477
433,44.5949592590332
434,44.4036865234375
435,43.9832305908203
436,43.2076644897461
437,44.6257514953613
438,43.0379486083984
439,42.6101570129395
440,44.0259284973145
441,44.5258674621582
442,43.4292259216309
443,44.3313179016113
444,42.9522857666016
445,44.5168952941895
446,44.0830268859863
447,44.6669120788574
448,42.9766502380371
449,44.6805686950684
450,43.8521003723145
451,44.646541595459
452,44.1469917297363
453,44.6451301574707
454,43.755672454834
455,43.3695411682129
456,44.0333404541016
457,44.1814880371094
458,43.0046081542969
459,44.0576400756836
460,43.6043167114258
461,43.5497550964355
462,44.5506057739258
463,44.5732421875
464,42.528434753418
465,41.584342956543
466,44.56298828125
467,44.1563758850098
468,44.3868827819824
469,43.8734550476074
470,44.2090721130371
471,43.9503593444824
472,44.5638961791992
473,44.4707908630371
474,42.9923439025879
475,44.6839179992676
476,44.2468338012695
477,43.9116287231445
478,44.502685546875
479,44.4863777160645
480,44.6243553161621
481,44.4185371398926
482,44.1478118896484
483,44.4095001220703
484,44.5558204650879
485,44.5069999694824
486,44.4737014770508
487,44.6766395568848
488,43.3223533630371
489,44.3783378601074
490,44.5255012512207
491,44.2668685913086
492,44.3966407775879
493,42.9471092224121
494,44.0744018554688
495,44.4833793640137
496,44.4603500366211
497,44.2328834533691
498,43.9991989135742
499,44.071533203125
500,44.3020782470703
501,44.5341453552246
502,42.5645446777344
503,44.265064239502
504,44.1694564819336
505,44.4652519226074
506,44.2674713134766
507,44.5111656188965
508,44.7743148803711
509,42.9029006958008
510,44.3949356079102
511,44.3284759521484
512,44.5276641845703
513,44.3669967651367
514,44.0676155090332
515,44.3727493286133
516,44.4746513366699
517,44.3504257202148
518,44.4949760437012
519,44.1210327148437
520,43.4082374572754
521,44.1076545715332
522,43.8403549194336
523,44.1957168579102
524,44.2245941162109
525,44.6911506652832
526,43.3957328796387
527,43.7013854980469
528,42.9954643249512
529,44.3108177185059
530,44.1893196105957
531,43.7353134155273
532,44.3060150146484
533,44.5032997131348
534,43.0886077880859
535,44.5080070495605
536,44.4191284179688
537,44.3612098693848
538,44.6620216369629
539,44.5932884216309
540,44.571346282959
541,43.2517852783203
542,44.4821281433106
543,44.416072845459
544,44.0327339172363
545,44.2828216552734
546,44.2515144348145
547,44.4202690124512
548,43.7083892822266
549,43.3520545959473
550,44.2000122070313
551,44.5649337768555
552,44.4868965148926
553,44.709888458252
554,44.1346817016602
555,44.138557434082
556,43.6126861572266
557,44.1938552856445
558,43.9322700500488
559,43.5779037475586
560,44.7115020751953
561,44.7641334533691
562,44.3776359558106
563,43.2422027587891
564,44.4874114990234
565,42.9466934204102
566,44.5991935729981
567,43.0131034851074
568,44.2928886413574
569,44.6029205322266
570,44.3220252990723
571,44.2457809448242
572,44.647216796875
573,42.9467582702637
574,43.8203125
575,44.3157272338867
576,44.354793548584
577,44.3045043945313
578,43.2834167480469
579,44.536434173584
580,44.0010528564453
581,44.0399208068848
582,41.6806831359863
583,44.0029716491699
584,44.6985778808594
585,44.6747703552246
586,44.2771492004395
587,43.6234855651856
588,44.4224662780762
589,43.268928527832
590,43.9142913818359
591,43.0297393798828
592,44.4569358825684
593,44.3509521484375
594,44.3272438049316
595,44.2743453979492
596,43.0025787353516
597,44.6140518188477
598,43.813533782959
599,44.6721343994141
600,42.9486618041992
601,44.5483474731445
602,43.9408302307129
603,44.0192947387695
604,43.9263534545898
605,44.1933288574219
606,43.2284698486328
607,44.4714431762695
608,44.3713455200195
609,44.5020904541016
610,44.5836067199707
611,44.539119720459
612,43.5727462768555
613,44.0149993896484
614,44.0334739685059
615,44.4460334777832
616,42.6358489990234
617,44.4227142333984
618,42.5822257995606
619,44.6255950927734
620,44.5166511535645
621,44.7132110595703
622,43.0567626953125
623,44.623046875
624,44.4362258911133
625,44.3646087646484
626,43.9317779541016
627,43.8717956542969
628,42.8930282592773
629,44.5567474365234
630,44.3652038574219
631,44.61474609375
632,43.7762680053711
633,44.2329330444336
634,43.5947151184082
635,44.7847061157227
636,44.2535018920898
637,44.4444313049316
638,44.4941215515137
639,44.5681037902832
640,44.654842376709
641,44.2790908813477
642,43.6646347045898
643,43.4508476257324
644,44.5054626464844
645,42.5613517761231
646,44.5265655517578
647,44.4901123046875
648,44.0694274902344
649,44.5298538208008
650,44.4879722595215
651,42.8321380615234
652,43.5394134521484
653,44.1026802062988
654,44.4756202697754
655,42.4953346252441
656,43.5797653198242
657,43.9228172302246
658,43.5731735229492
659,44.3822364807129
660,44.4612007141113
661,43.5694808959961
662,43.9548721313477
663,43.4195976257324
664,43.8455657958984
665,44.0949897766113
666,44.4305267333984
667,44.2663078308105
668,44.1134262084961
669,42.0665168762207
670,43.107723236084
671,43.7645301818848
672,44.4251747131348
673,43.2365798950195
674,44.0551567077637
675,42.8945121765137
676,44.5586814880371
677,43.8671340942383
678,44.192066192627
679,44.7473640441895
680,44.597827911377
681,44.1586227416992
682,43.0616645812988
683,44.3608474731445
684,42.6884269714356
685,44.5253105163574
686,44.4602737426758
687,44.3317070007324
688,42.9488182067871
689,43.3532180786133
690,43.9982986450195
691,44.7966918945312
692,43.8208694458008
693,43.7503395080566
694,42.1443367004395
695,43.9770584106445
696,44.6030960083008
697,44.4128684997559
698,44.4872398376465
699,44.28564453125
700,44.3966102600098
701,44.5184669494629
702,44.110710144043
703,44.4594306945801
704,44.246021270752
705,44.6328010559082
706,44.4466590881348
707,44.4292259216309
708,44.4174537658691
709,43.8994636535645
710,44.4337501525879
711,43.0552711486816
712,44.5794334411621
713,44.1995468139649
714,43.8645973205566
715,44.2574882507324
716,44.136604309082
717,42.9353981018066
718,43.6404685974121
719,44.5100593566895
720,44.2169609069824
721,44.4208297729492
722,42.6150321960449
723,44.6203765869141
724,44.2098770141602
725,43.9535789489746
726,42.9412498474121
727,44.504940032959
728,44.4280166625977
729,43.0560684204102
730,44.5990180969238
731,43.9502830505371
732,44.7235488891602
733,44.05224609375
734,43.6068305969238
735,44.2751083374023
736,44.7743721008301
737,42.4967041015625
738,44.4451904296875
739,44.1161804199219
740,42.5126762390137
741,43.0085144042969
742,41.5922508239746
743,44.257137298584
744,44.6719017028809
745,44.6790237426758
746,44.4970779418945
747,44.1154670715332
748,42.9861068725586
749,43.8589096069336
750,44.4407501220703
751,44.342830657959
752,44.2835350036621
753,44.1413459777832
754,43.4788360595703
755,44.1596755981445
756,44.3869438171387
757,43.88818359375
758,44.1683387756348
759,44.1328849792481
760,44.4034461975098
761,44.6023712158203
762,44.190845489502
763,44.2570724487305
764,44.7334403991699
765,43.8014678955078
766,43.407527923584
767,44.4087867736816
768,43.954963684082
769,44.5071487426758
770,43.0915870666504
771,43.7364845275879
772,44.2856979370117
773,44.5800704956055
774,43.4014015197754
775,44.0866584777832
776,43.8493270874023
777,43.9373817443848
778,44.5501976013184
779,43.6546783447266
780,44.3797607421875
781,44.4942359924316
782,44.276538848877
783,44.2276954650879
784,43.6797142028809
785,44.6565284729004
786,44.5234413146973
787,44.4167861938477
788,44.6893501281738
789,43.3287506103516
790,44.1219825744629
791,42.9739456176758
792,44.2843894958496
793,44.1862487792969
794,44.4022789001465
795,43.986629486084
796,44.6371231079102
797,43.8254013061524
798,44.2098121643066
799,44.5590171813965
800,44.422119140625
801,43.7001762390137
802,44.5513076782227
803,44.7382164001465
804,43.6712837219238
805,44.4935455322266
806,44.3423576354981
807,44.4166488647461
808,43.2579498291016
809,44.3507690429688
810,44.5927886962891
811,43.6128120422363
812,43.6479835510254
813,44.0657119750977
814,44.3585052490234
815,44.7117500305176
816,44.3560066223145
817,44.4529876708984
818,44.0124359130859
819,44.2832641601563
820,41.0373344421387
821,44.3475227355957
822,42.4684066772461
823,44.5136375427246
824,44.6259689331055
825,44.6894187927246
826,44.1777839660645
827,44.1514282226563
828,44.4518852233887
829,44.7276840209961
830,42.189811706543
831,44.161678314209
832,44.6474189758301
833,43.790397644043
834,42.5564041137695
835,44.2939720153809
836,44.6793556213379
837,43.821891784668
838,42.4955749511719
839,44.0756034851074
840,44.1303558349609
841,43.8904342651367
842,44.3384552001953
843,42.979118347168
844,44.4557418823242
845,44.419792175293
846,43.2193069458008
847,44.5292663574219
848,43.5765914916992
849,44.5859069824219
850,44.2951278686523
851,44.5899887084961
852,44.0867385864258
853,42.2090950012207
854,43.7049102783203
855,41.1592712402344
856,44.2372741699219
857,44.3397789001465
858,44.1358299255371
859,43.5204582214355
860,44.4581832885742
861,43.6035079956055
862,42.0930709838867
863,44.3209037780762
864,44.6416702270508
865,42.569091796875
866,44.3248519897461
867,44.2218627929688
868,43.1962089538574
869,44.0954208374023
870,43.2692070007324
871,44.1823997497559
872,44.0910263061523
873,44.3598823547363
874,44.0494956970215
875,44.3082847595215
876,44.1970481872559
877,44.4708251953125
878,44.5058822631836
879,44.0038414001465
880,44.0862426757812
881,44.2873916625977
882,44.2256050109863
883,43.3056716918945
884,43.4124794006348
885,44.6036758422852
886,43.2441787719727
887,43.8505363464356
888,44.5126647949219
889,43.5996284484863
890,42.6361236572266
891,44.518669128418
892,44.5736503601074
893,44.5549468994141
894,44.2964591979981
895,44.3876953125
896,44.672046661377
897,44.4984931945801
898,44.4829292297363
899,44.292350769043
900,43.268440246582
901,44.5671615600586
902,44.3275299072266
903,42.5765037536621
904,44.5404090881348
905,43.3374443054199
906,44.5007514953613
907,43.0563087463379
908,44.5512580871582
909,44.5650520324707
910,43.8670158386231
911,44.2876129150391
912,44.5486869812012
913,44.4578247070313
914,44.7064056396484
915,43.6977691650391
916,44.2487869262695
917,44.2349014282227
918,43.8011817932129
919,44.6791496276856
920,44.2026557922363
921,44.1279792785645
922,43.6961479187012
923,44.4700202941895
924,44.6768798828125
925,41.2000274658203
926,43.368824005127
927,44.6370582580566
928,44.3185081481934
929,44.2182769775391
930,44.4783592224121
931,44.3831329345703
932,44.6324691772461
933,43.5429039001465
934,44.3885231018066
935,44.4597206115723
936,44.275203704834
937,44.559211730957
938,44.409725189209
939,44.5382804870606
940,44.3163871765137
941,44.5542030334473
942,42.9422073364258
943,44.6447944641113
944,44.1876831054688
945,44.3145408630371
946,44.1309089660645
947,43.8751831054688
948,44.2380599975586
949,44.6398048400879
950,44.337215423584
951,44.0918350219727
952,44.0029792785645
953,44.3697738647461
954,44.3191413879395
955,44.4933204650879
956,43.9046669006348
957,43.9524612426758
958,44.3066596984863
959,43.9581871032715
960,42.0880546569824
961,41.7259788513184
962,44.5113067626953
963,44.3589820861816
964,44.0908088684082
965,44.1557540893555
966,43.9548835754395
967,44.5717239379883
968,44.6196174621582
969,44.4977912902832
970,44.607723236084
971,43.9311027526856
972,44.6280746459961
973,43.3408584594727
974,43.5126953125
975,44.139705657959
976,43.7227287292481
977,42.811092376709
978,44.3761405944824
979,44.0964736938477
980,44.5489921569824
981,43.2512626647949
982,44.219841003418
983,44.5332794189453
984,44.3986206054688
985,42.2457008361816
986,42.9790306091309
987,43.7305068969727
988,44.1297950744629
989,44.15087890625
990,43.9777717590332
991,44.3865661621094
992,44.0037574768066
993,44.6773948669434
994,43.6260032653809
995,43.0484848022461
996,44.3285140991211
997,44.1004791259766
998,43.6529006958008
999,43.6749114990234
1000,44.5862770080566
1001,42.112548828125
1002,44.5412864685059
1003,43.7084083557129
1004,43.0071830749512
1005,43.9052963256836
1006,44.2313842773438
1007,44.4783248901367
1008,42.0177536010742
1009,43.6779441833496
1010,43.5732574462891
1011,44.6757164001465
1012,43.551139831543
1013,44.5484848022461
1014,44.3134956359863
1015,43.6345252990723
1016,43.5370292663574
1017,44.5152130126953
1018,44.2686309814453
1019,44.4432411193848
1020,43.9054489135742
1021,44.4796180725098
1022,44.316219329834
1023,44.4819259643555
1024,43.2677154541016
1025,43.3723907470703
1026,44.6901741027832
1027,43.9275245666504
1028,43.6466789245606
1029,44.0336532592773
1030,44.4167289733887
1031,44.4624633789063
1032,42.5510749816895
1033,43.2533683776856
1034,44.0480117797852
1035,43.9365730285645
1036,44.7000236511231
1037,42.1709251403809
1038,43.0223655700684
1039,44.6363410949707
1040,44.1132125854492
1041,43.7075271606445
1042,44.2755279541016
1043,43.4230804443359
1044,43.5786666870117
1045,44.6472663879395
1046,42.5530548095703
1047,44.2721672058106
1048,44.5547370910645
1049,42.1694564819336
1050,44.4396896362305
1051,44.5461578369141
1052,44.1364364624023
1053,44.5396881103516
1054,44.2148933410645
1055,43.7899322509766
1056,44.2387390136719
1057,43.9679679870605
1058,44.080192565918
1059,44.5107154846191
1060,44.281909942627
1061,43.5549659729004
1062,43.386646270752
1063,43.9862480163574
1064,44.2190093994141
1065,44.3970222473145
1066,43.3292579650879
1067,44.0643844604492
1068,44.0465507507324
1069,44.5146179199219
1070,43.5492286682129
1071,44.4293823242188
1072,44.1120223999023
1073,44.0734176635742
1074,44.440544128418
1075,44.6006011962891
1076,43.8970832824707
1077,44.4925575256348
1078,44.4291038513184
1079,44.3166313171387
1080,43.0207061767578
1081,42.6390533447266
1082,44.3411598205566
1083,43.8105850219727
1084,41.7141799926758
1085,44.4828910827637
1086,44.6400146484375
1087,41.7810592651367
1088,43.7495384216309
1089,44.1047744750977
1090,44.4408531188965
1091,44.3222503662109
1092,44.1527824401855
1093,44.2883491516113
1094,42.967700958252
1095,43.8827133178711
1096,44.372917175293
1097,44.5699310302734
1098,44.4676246643066
1099,44.2657661437988
1100,43.3178939819336
1101,44.407642364502
1102,44.5435447692871
1103,43.5271224975586
1104,44.610710144043
1105,44.4048042297363
1106,44.5672073364258
1107,44.4804077148438
1108,43.9564056396484
1109,43.3923034667969
1110,44.4655456542969
1111,44.376953125
1112,44.5541191101074
1113,43.9724273681641
1114,43.3634643554688
1115,44.2876014709473
1116,43.3204002380371
1117,43.2780418395996
1118,44.4782295227051
1119,44.0486907958984
1120,43.0675926208496
1121,44.5703277587891
1122,44.6198234558105
1123,44.0291442871094
1124,44.4435043334961
1125,44.0925140380859
1126,44.329158782959
1127,44.5767669677734
1128,43.5649948120117
1129,42.6670188903809
1130,44.1114921569824
1131,44.0646781921387
1132,44.4670677185059
1133,44.2994613647461
1134,44.668701171875
1135,44.605396270752
1136,44.0826759338379
1137,44.6302909851074
1138,44.4704093933106
1139,44.5263061523437
1140,43.9114456176758
1141,44.6827583312988
1142,43.6376152038574
1143,43.5158386230469
1144,43.8446731567383
1145,43.1165924072266
1146,44.2057228088379
1147,43.399284362793
1148,44.3046493530273
1149,43.4448509216309
1150,44.3627548217773
1151,44.5762329101563
1152,43.9428901672363
1153,44.0894470214844
1154,44.6375389099121
1155,43.9974746704102
1156,43.3300285339355
1157,43.6537628173828
1158,44.1645011901855
1159,44.6429100036621
1160,44.4916687011719
1161,44.3192749023438
1162,44.494384765625
1163,44.0089950561523
1164,44.4369583129883
1165,44.0948524475098
1166,44.5409164428711
1167,43.7062301635742
1168,44.1240234375
1169,44.5714302062988
1170,44.5180244445801
1171,42.4659690856934
1172,44.2195587158203
1173,44.5913429260254
1174,44.4086036682129
1175,44.1109352111816
1176,42.5099945068359
1177,43.5649909973145
1178,44.1064834594727
1179,43.4267845153809
1180,43.9723510742188
1181,44.6915626525879
1182,44.2649993896484
1183,44.3047256469727
1184,44.4214477539063
1185,44.3516349792481
1186,44.4402542114258
1187,44.7482643127441
1188,43.3861999511719
1189,44.5265312194824
1190,44.489860534668
1191,44.6354866027832
1192,44.4819145202637
1193,44.3991355895996
1194,44.0455856323242
1195,44.6622695922852
1196,44.0638771057129
1197,44.5784568786621
1198,44.4138412475586
1199,43.2502861022949
1200,44.146354675293
1201,44.1063652038574
1202,44.5684852600098
1203,43.2009811401367
1204,42.2060050964356
1205,42.2447776794434
1206,43.7808570861816
1207,44.3090515136719
1208,43.5659904479981
1209,44.476863861084
1210,42.9794578552246
1211,44.3673477172852
1212,43.0010833740234
1213,43.7765312194824
1214,44.4319534301758
1215,44.371395111084
1216,44.4249305725098
1217,43.9313583374023
1218,44.3450202941895
1219,43.6945610046387
1220,44.459098815918
1221,44.5572891235352
1222,44.145809173584
1223,44.3772659301758
1224,41.631275177002
1225,44.2551612854004
1226,44.3958396911621
1227,42.6680526733398
1228,44.285701751709
1229,44.2223739624023
1230,43.7203712463379
1231,44.0678405761719
1232,44.6749000549316
1233,44.4693298339844
1234,44.2137489318848
1235,43.3087196350098
1236,44.486873626709
1237,44.3625984191895
1238,44.4268798828125
1239,44.1337585449219
1240,42.9155807495117
1241,43.6157913208008
1242,44.2034225463867
1243,43.6477546691895
1244,44.0769538879395
1245,43.7046737670898
1246,44.5750885009766
1247,44.1230850219727
1248,44.551155090332
1249,44.2435455322266
1250,43.539119720459
1251,44.5050392150879
1252,44.6394233703613
1253,44.0869636535645
1254,44.0438385009766
1255,44.432918548584
1256,43.9462738037109
1257,43.4728851318359
1258,44.7119331359863
1259,44.1157989501953
1260,43.0005836486816
1261,44.4282608032227
1262,44.4471778869629
1263,43.9818496704102
1264,44.0570297241211
1265,43.9027290344238
1266,44.454891204834
1267,44.5945587158203
1268,43.3423728942871
1269,44.3062477111816
1270,44.5690307617187
1271,44.2042503356934
1272,44.5170745849609
1273,43.211669921875
1274,44.2729911804199
1275,44.5116386413574
1276,43.3644142150879
1277,42.9419898986816
1278,43.0077476501465
1279,44.5950660705566
1280,44.4972076416016
1281,44.4753494262695
1282,44.1749687194824
1283,44.4994125366211
1284,43.8307456970215
1285,43.8041801452637
1286,43.7146530151367
1287,44.139461517334
1288,44.6481781005859
1289,42.8633575439453
1290,43.7309188842773
1291,44.4335136413574
1292,44.5679244995117
1293,44.3460388183594
1294,43.8455657958984
1295,44.7786140441895
1296,44.077205657959
1297,44.5109252929688
1298,44.4932022094727
1299,43.9007034301758
1300,43.855110168457
1301,44.5239753723145
1302,44.4236602783203
1303,43.788330078125
1304,44.7198486328125
1305,44.597038269043
1306,43.8808784484863
1307,44.3565330505371
1308,43.6369514465332
1309,44.7623901367188
1310,44.4280281066895
1311,44.2376594543457
1312,44.2573127746582
1313,43.796932220459
1314,44.3958396911621
1315,44.6722068786621
1316,43.974235534668
1317,44.033447265625
1318,44.6668357849121
1319,44.5926361083984
1320,44.4605751037598
1321,44.4497222900391
1322,44.4477615356445
1323,44.6563377380371
1324,44.6352882385254
1325,43.5447654724121
1326,42.4499015808105
1327,44.1700096130371
1328,42.9275512695313
1329,44.4224700927734
1330,43.4176559448242
1331,42.6456146240234
1332,43.353515625
1333,44.5630950927734
1334,44.6009674072266
1335,44.6897583007813
1336,44.200252532959
1337,44.3211212158203
1338,44.6625671386719
1339,44.5670852661133
1340,44.436695098877
1341,43.6890754699707
1342,44.1564064025879
1343,44.520378112793
1344,43.9525375366211
1345,44.5241775512695
1346,42.9511108398438
1347,43.993824005127
1348,44.1186904907227
1349,44.6171226501465
1350,44.5873374938965
1351,42.9636993408203
1352,43.9224395751953
1353,43.304557800293
1354,44.1643218994141
1355,43.0092086791992
1356,44.6235237121582
1357,44.2588996887207
1358,44.3739166259766
1359,44.5404472351074
1360,42.1828308105469
1361,44.475887298584
1362,44.3144226074219
1363,44.5664405822754
1364,43.509391784668
1365,43.9950141906738
1366,43.8144454956055
1367,43.9759750366211
1368,43.421630859375
1369,43.953727722168
1370,44.4906196594238
1371,44.6186561584473
1372,43.6445503234863
1373,44.6586990356445
1374,43.6543045043945
1375,44.5375366210938
1376,43.4786796569824
1377,44.6775779724121
1378,44.2670974731445
1379,43.7951278686523
1380,44.2935180664063
1381,44.4998092651367
1382,43.6441650390625
1383,44.689266204834
1384,43.8366241455078
1385,44.0254173278809
1386,43.8232688903809
1387,44.1190185546875
1388,43.2516212463379
1389,43.6195487976074
1390,43.9790115356445
1391,44.6277122497559
1392,43.9970703125
1393,44.0085525512695
1394,44.6496162414551
1395,44.520149230957
1396,44.3660888671875
1397,43.0948524475098
1398,43.6130523681641
1399,43.3852806091309
1400,44.3474311828613
1401,43.4622306823731
1402,43.6830558776856
1403,44.4248123168945
1404,44.4118690490723
1405,44.0801162719727
1406,44.00146484375
1407,44.1597442626953
1408,44.3401565551758
1409,44.1597633361816
1410,44.5513610839844
1411,42.5537452697754
1412,44.0451011657715
1413,44.6376266479492
1414,44.0291213989258
1415,44.4299697875977
1416,44.3057403564453
1417,44.207202911377
1418,43.3935394287109
1419,43.3687896728516
1420,44.1761131286621
1421,44.3990287780762
1422,43.8761367797852
1423,44.111743927002
1424,44.2418479919434
1425,44.2037391662598
1426,44.1444091796875
1427,43.0759620666504
1428,44.3701515197754
1429,43.8285636901856
1430,44.3826942443848
1431,43.8268852233887
1432,42.9591674804688
1433,44.6203308105469
1434,43.074951171875
1435,43.897590637207
1436,44.4407424926758
1437,43.3220024108887
1438,44.6526069641113
1439,44.0053215026856
1440,43.9566688537598
1441,43.5654792785645
1442,44.5868644714355
1443,43.7090225219727
1444,43.0714530944824
1445,44.4238967895508
1446,44.2880592346191
1447,44.392017364502
1448,44.4621658325195
1449,43.9061889648437
1450,44.4294242858887
1451,44.5637359619141
1452,44.4243774414062
1453,44.5981636047363
1454,43.3081398010254
1455,44.091667175293
1456,44.5558013916016
1457,44.299186706543
1458,44.5935096740723
1459,44.0339736938477
1460,43.2306251525879
1461,44.0109672546387
1462,43.3944320678711
1463,44.2982902526856
1464,44.3203277587891
1465,43.2939682006836
1466,44.0953903198242
1467,44.0199203491211
1468,44.2300834655762
1469,44.6344337463379
1470,44.4745025634766
1471,44.4640922546387
1472,44.4489135742188
1473,43.8381729125977
1474,44.2360000610352
1475,43.6403427124023
1476,44.5693244934082
1477,44.5431709289551
1478,44.5932006835938
1479,44.1400413513184
1480,41.6817092895508
1481,44.3632621765137
1482,44.2883377075195
1483,43.8917236328125
1484,44.5206527709961
1485,44.4171028137207
1486,44.2809371948242
1487,44.2003402709961
1488,44.6900100708008
1489,43.8761901855469
1490,43.6143989562988
1491,44.08984375
1492,43.5496673583984
1493,44.486686706543
1494,43.4052124023438
1495,44.1973609924316
1496,43.6936225891113
1497,44.3133277893066
1498,43.7740821838379
1499,43.2502593994141
1500,42.4546623229981
1501,42.9265060424805
1502,44.4327659606934
1503,44.2429008483887
1504,43.9661407470703
1505,44.2032127380371
1506,44.6943626403809
1507,44.5567626953125
1508,44.5886611938477
1509,44.1808586120605
1510,42.6253509521484
1511,44.6751747131348
1512,43.8104400634766
1513,43.360725402832
1514,43.8724555969238
1515,44.4228744506836
1516,44.5295219421387
1517,44.0153541564941
1518,43.8576049804688
1519,42.1075706481934
1520,44.0941314697266
1521,44.2301635742188
1522,44.4213943481445
1523,43.977294921875
1524,44.3473968505859
1525,42.7617874145508
1526,43.6275482177734
1527,44.4593849182129
1528,44.5756645202637
1529,44.6367950439453
1530,43.8464622497559
1531,44.605785369873
1532,44.3001213073731
1533,43.8419876098633
1534,44.2528686523437
1535,43.5158424377441
1536,43.8512878417969
1537,44.7001647949219
1538,44.0682525634766
1539,43.389575958252
1540,44.5490989685059
1541,44.5018577575684
1542,44.2144432067871
1543,44.234992980957
1544,43.8069114685059
1545,43.2482757568359
1546,43.3863677978516
1547,43.6732063293457
1548,42.121208190918
1549,44.3695755004883
1550,41.5934867858887
1551,43.9374465942383
1552,44.6224174499512
1553,43.9583549499512
1554,44.5867919921875
1555,44.5333671569824
1556,43.7697601318359
1557,43.8110580444336
1558,44.0004081726074
1559,44.6403388977051
1560,44.2167816162109
1561,44.1567726135254
1562,44.3004570007324
1563,43.5189552307129
1564,44.4829521179199
1565,43.751220703125
1566,44.2721138000488
1567,44.6383094787598
1568,44.5208892822266
1569,43.8479499816895
1570,44.5099906921387
1571,43.8454284667969
1572,44.417724609375
1573,43.9417762756348
1574,44.1610641479492
1575,43.9657669067383
1576,44.4580001831055
1577,42.5521087646484
1578,42.9967918395996
1579,43.6099510192871
1580,43.6817359924316
1581,43.2914352416992
1582,44.1246681213379
1583,44.6090278625488
1584,43.8303985595703
1585,44.0958786010742
1586,43.8130569458008
1587,44.3170700073242
1588,42.9950485229492
1589,42.0701446533203
1590,44.1894416809082
1591,43.7721862792969
1592,43.8710632324219
1593,44.419017791748
1594,44.2008209228516
1595,44.5787773132324
1596,44.4426536560059
1597,44.4608421325684
1598,43.8297996520996
1599,44.594367980957
1600,44.5209999084473
1601,44.6305541992188
1602,44.8529663085938
1603,43.284725189209
1604,44.1259307861328
1605,44.551570892334
1606,44.5602340698242
1607,42.2067337036133
1608,42.5749359130859
1609,44.3859443664551
1610,44.5470008850098
1611,44.0629577636719
1612,43.321605682373
1613,44.4414329528809
1614,43.2739753723145
1615,44.5839424133301
1616,43.8474960327148
1617,44.0857276916504
1618,44.1784362792969
1619,43.733943939209
1620,43.3592720031738
1621,44.2462882995605
1622,44.3316383361816
1623,44.4099502563477
1624,44.5455131530762
1625,42.9801788330078
1626,44.5114898681641
1627,44.4512405395508
1628,44.0283813476563
1629,43.4337501525879
1630,44.2139739990234
1631,44.3989753723145
1632,43.6685943603516
1633,43.564380645752
1634,43.9264259338379
1635,44.1550674438477
1636,44.4311943054199
1637,43.5042572021484
1638,43.2334709167481
1639,43.8922348022461
1640,43.9886703491211
1641,44.6066207885742
1642,43.6580009460449
1643,44.4089546203613
1644,44.4907722473145
1645,44.3154563903809
1646,44.5008087158203
1647,44.4424324035645
1648,44.056396484375
1649,44.2637596130371
1650,44.4296798706055
1651,42.935661315918
1652,44.247688293457
1653,44.3735847473145
1654,44.5136375427246
1655,44.2726593017578
1656,44.2271118164063
1657,43.5385055541992
1658,44.3935813903809
1659,44.3650245666504
1660,42.7538528442383
1661,44.0656585693359
1662,42.9519309997559
1663,44.1019515991211
1664,43.9904289245605
1665,44.485424041748
1666,44.4187355041504
1667,44.3663558959961
1668,44.5199012756348
1669,44.6854782104492
1670,44.1298866271973
1671,43.937183380127
1672,44.4028587341309
1673,44.3971481323242
1674,44.4120597839356
1675,43.5711517333984
1676,43.8524322509766
1677,43.6953506469727
1678,44.1503219604492
1679,44.2184867858887
1680,42.2566871643066
1681,44.0384140014649
1682,43.3094749450684
1683,44.1254005432129
1684,44.3899078369141
1685,44.1550216674805
1686,42.9907112121582
1687,44.6685943603516
1688,44.3502960205078
1689,44.6857490539551
1690,44.639217376709
1691,44.3423690795899
1692,43.2927169799805
1693,43.2577781677246
1694,44.0550003051758
1695,44.6658134460449
1696,44.2187385559082
1697,44.6377830505371
1698,43.7545509338379
1699,44.6990699768066
1700,44.7248764038086
1701,44.1433372497559
1702,44.1342849731445
1703,43.596752166748
1704,41.2002029418945
1705,44.779052734375
1706,44.5033111572266
1707,44.5900077819824
1708,43.7811088562012
1709,44.3890419006348
1710,44.3852615356445
1711,44.3308372497559
1712,41.7000541687012
1713,44.2473373413086
1714,44.2061386108398
1715,42.9633712768555
1716,43.3302192687988
1717,44.4535140991211
1718,44.1356620788574
1719,43.8220558166504
1720,44.0033569335938
1721,43.6404876708984
1722,43.3333282470703
1723,43.9013366699219
1724,44.522762298584
1725,44.1691093444824
1726,44.1505165100098
1727,44.2226943969727
1728,44.4246978759766
1729,44.6353569030762
1730,44.4764823913574
1731,44.4540901184082
1732,43.650447845459
1733,44.3347702026367
1734,44.159481048584
1735,44.6895484924316
1736,44.3153076171875
1737,44.096492767334
1738,43.3198318481445
1739,44.2792015075684
1740,44.3054084777832
1741,44.1834564208984
1742,44.5971260070801
1743,44.509391784668
1744,43.074275970459
1745,44.1180572509766
1746,44.2410545349121
1747,43.3905868530273
1748,44.4483299255371
1749,44.3769569396973
1750,43.4108734130859
1751,44.2021331787109
1752,44.0205230712891
1753,44.2656860351562
1754,44.6241302490234
1755,44.4317855834961
1756,44.5548324584961
1757,41.1506690979004
1758,44.0871047973633
1759,43.897590637207
1760,44.0528373718262
1761,42.6119918823242
1762,43.66064453125
1763,43.2700958251953
1764,43.6584968566895
1765,44.5675964355469
1766,44.4140815734863
1767,43.6019630432129
1768,44.2215995788574
1769,43.5653457641602
1770,43.191951751709
1771,44.6170997619629
1772,44.3316192626953
1773,44.5958290100098
1774,43.8477439880371
1775,44.4861335754395
1776,44.4257125854492
1777,44.1566314697266
1778,44.2688026428223
1779,44.3720092773438
1780,44.2861671447754
1781,44.2082786560059
1782,44.0324211120606
1783,43.9367599487305
1784,44.212085723877
1785,44.2320747375488
1786,43.023853302002
1787,44.4605369567871
1788,43.3867950439453
1789,44.4088935852051
1790,44.5738067626953
1791,43.9510002136231
1792,44.3471717834473
1793,42.8399925231934
1794,43.6895561218262
1795,44.3148918151856
1796,44.5073661804199
1797,44.6010322570801
1798,44.4063453674316
1799,44.2883796691895
1800,44.2337303161621
1801,44.483772277832
1802,44.4444923400879
1803,44.4652900695801
1804,44.1792907714844
1805,44.3827629089356
1806,43.6619720458984
1807,44.2837600708008
1808,44.6087532043457
1809,44.4272346496582
1810,44.4083595275879
1811,44.5740814208984
1812,43.6379890441895
1813,44.6388740539551
1814,42.14306640625
1815,44.5403366088867
1816,43.3377838134766
1817,43.2780418395996
1818,44.522575378418
1819,44.594108581543
1820,44.4665184020996
1821,44.4091987609863
1822,44.5119132995606
1823,42.2098617553711
1824,44.1834335327148
1825,44.1896286010742
1826,43.3746070861816
1827,44.0635261535645
1828,44.5176467895508
1829,44.3822364807129
1830,44.585018157959
1831,44.718376159668
1832,44.4038887023926
1833,44.563549041748
1834,44.6781921386719
1835,43.8283958435059
1836,44.5713768005371
1837,44.1308784484863
1838,44.1649322509766
1839,43.9093399047852
1840,44.4029884338379
1841,43.3759498596191
1842,44.3229179382324
1843,43.2111167907715
1844,44.4798736572266
1845,43.8793144226074
1846,44.5849113464355
1847,44.4040107727051
1848,43.7768173217773
1849,44.5554046630859
1850,44.607536315918
1851,43.3503112792969
1852,44.3874359130859
1853,44.2766799926758
1854,44.2574806213379
1855,44.2949371337891
1856,43.5837059020996
1857,43.3084182739258
1858,44.1786842346191
1859,43.8815612792969
1860,42.6315383911133
1861,43.9817962646484
1862,43.1551246643066
1863,42.8972663879395
1864,44.3474502563477
1865,44.1000366210938
1866,44.5674018859863
1867,43.9632110595703
1868,43.2439041137695
1869,43.8272399902344
1870,44.5757598876953
1871,44.1050491333008
1872,44.3969230651855
1873,44.2666969299316
1874,44.4087104797363
1875,43.6306838989258
1876,44.6052856445313
1877,43.3536415100098
1878,43.9847602844238
1879,44.2509574890137
1880,44.0534934997559
1881,43.0425872802734
1882,44.4166870117188
1883,44.2150077819824
1884,42.1452713012695
1885,44.3411483764649
1886,43.8965759277344
1887,43.8287391662598
1888,43.9417381286621
1889,44.2767677307129
1890,43.9901542663574
1891,43.6417846679688
1892,44.0926055908203
1893,44.4757690429688
1894,44.105297088623
1895,43.0634651184082
1896,44.124870300293
1897,44.5216064453125
1898,44.4882316589356
1899,44.689510345459
1900,43.8069267272949
1901,42.6166114807129
1902,43.9469223022461
1903,43.5122451782227
1904,44.3457984924316
1905,43.4968528747559
1906,43.3913116455078
1907,44.4927368164062
1908,44.6033782958984
1909,44.3715209960938
1910,44.595272064209
1911,44.6026191711426
1912,44.4750480651855
1913,44.4518852233887
1914,42.8157348632813
1915,44.4767646789551
1916,44.4973831176758
1917,44.165828704834
1918,43.8672790527344
1919,44.6809577941895
1920,44.2691154479981
1921,44.3747406005859
1922,44.0674057006836
1923,44.144172668457
1924,44.7355346679688
1925,43.7476081848145
1926,43.8448219299316
1927,44.0525398254395
1928,44.4123725891113
1929,44.267951965332
1930,44.5961036682129
1931,43.3299789428711
1932,44.2804908752441
1933,44.4267730712891
1934,43.8608779907227
1935,43.8827095031738
1936,43.3205413818359
1937,43.1050415039063
1938,44.3488464355469
1939,44.4654960632324
1940,44.4349899291992
1941,41.0445785522461
1942,44.1351127624512
1943,44.4367561340332
1944,44.5312995910645
1945,44.1106910705566
1946,44.3263282775879
1947,43.9137496948242
1948,43.846851348877
1949,44.5113868713379
1950,43.9489135742187
1951,44.3200302124023
1952,44.0414733886719
1953,44.3741683959961
1954,44.5796966552734
1955,44.7237129211426
1956,44.2648239135742
1957,44.5878562927246
1958,43.3355903625488
1959,44.4947738647461
1960,44.6070022583008
1961,44.042537689209
1962,43.9894218444824
1963,43.820198059082
1964,44.3980178833008
1965,44.254322052002
1966,43.2046165466309
1967,44.3711471557617
1968,43.6668548583984
1969,43.5532302856445
1970,43.3745346069336
1971,44.1039848327637
1972,44.2862815856934
1973,44.3261337280273
1974,44.5515327453613
1975,44.6786499023438
1976,43.3722152709961
1977,44.1393241882324
1978,44.5482063293457
1979,44.0828552246094
1980,44.2903327941895
1981,43.4100227355957
1982,44.55615234375
1983,44.4375762939453
1984,43.6541595458984
1985,42.2056579589844
1986,44.1163558959961
1987,43.8961791992188
1988,44.3108253479004
1989,43.2735099792481
1990,42.9896926879883
1991,42.9848136901856
1992,44.2010040283203
1993,44.2075347900391
1994,44.5250282287598
1995,44.4690208435059
1996,43.7749557495117
1997,43.5628128051758
1998,43.816764831543
1999,44.4236526489258
2000,43.8628005981445
2001,43.967529296875
2002,44.364143371582
2003,43.8170852661133
2004,44.4289436340332
2005,44.1318550109863
2006,44.547046661377
2007,44.4395599365234
2008,44.0644721984863
2009,44.4904975891113
2010,44.3721961975098
2011,44.5421180725098
2012,44.1975822448731
2013,42.1183471679688
2014,44.5045204162598
2015,44.2095222473145
2016,44.5448532104492
2017,44.4347724914551
2018,44.649715423584
2019,43.9444313049316
2020,43.6901359558105
2021,44.6260719299316
2022,44.1653785705566
2023,43.9875831604004
2024,43.3721046447754
2025,43.2661857604981
2026,44.1557884216309
2027,44.0492095947266
2028,44.3932914733887
2029,43.7112655639649
2030,43.3655738830566
2031,44.556453704834
2032,44.2458763122559
2033,42.8577346801758
2034,43.3782997131348
2035,44.1050071716309
2036,44.5341186523438
2037,43.3336181640625
2038,44.3476753234863
2039,44.4993743896484
2040,44.0900077819824
2041,44.4829711914062
2042,43.1922950744629
2043,42.2396087646484
2044,43.4823226928711
2045,44.5323066711426
2046,44.3109817504883
2047,43.9989585876465
2048,43.8930206298828
2049,43.737434387207
2050,44.4983139038086
2051,43.2453117370605
2052,43.69580078125
2053,43.5206642150879
2054,44.3223381042481
2055,40.5139045715332
2056,44.1019668579102
2057,44.4243202209473
2058,44.3560256958008
2059,44.4361419677734
2060,44.4533920288086
2061,44.037899017334
2062,43.3179397583008
2063,44.6108093261719
2064,44.5137214660645
2065,44.2146682739258
2066,43.8561325073242
2067,43.5130653381348
2068,43.4010391235352
2069,43.062801361084
2070,44.4747924804688
2071,44.5217895507813
2072,44.5458908081055
2073,43.9449806213379
2074,43.9116973876953
2075,43.0511894226074
2076,44.3178062438965
2077,44.0601463317871
2078,44.4893302917481
2079,44.5540657043457
2080,44.5929489135742
2081,44.2446174621582
2082,43.6555938720703
2083,44.3183288574219
2084,43.8494911193848
2085,44.0724449157715
2086,44.2166290283203
2087,43.9543075561523
2088,44.4762344360352
2089,44.4259071350098
2090,44.6322975158691
2091,43.5786819458008
2092,44.40283203125
2093,44.2872543334961
2094,44.0200271606445
2095,43.0860290527344
2096,43.091854095459
2097,44.4263191223145
2098,43.9416122436523
2099,44.3514671325684
2100,43.8879318237305
2101,44.6366195678711
2102,43.7737083435059
2103,44.1239166259766
2104,41.5879440307617
2105,43.8259353637695
2106,43.861499786377
2107,44.5720901489258
2108,44.524715423584
2109,44.1025199890137
2110,44.5548324584961
2111,44.4439163208008
2112,44.1939392089844
2113,43.7683792114258
2114,43.9834747314453
2115,43.883602142334
2116,44.6024589538574
2117,44.5097923278809
2118,43.569206237793
2119,43.7929763793945
2120,44.6223831176758
2121,42.6913452148438
2122,43.8296775817871
2123,44.6641311645508
2124,44.5533981323242
2125,44.2820892333984
2126,44.3360939025879
2127,44.0216217041016
2128,44.3737678527832
2129,43.9110832214355
2130,42.9965476989746
2131,40.4297294616699
2132,41.614372253418
2133,44.6974983215332
2134,43.6669540405273
2135,44.6360359191895
2136,44.3391456604004
2137,44.5900192260742
2138,44.4328994750977
2139,43.8079986572266
2140,43.8773345947266
2141,44.2221870422363
2142,43.8715438842773
2143,44.3052482604981
2144,44.357795715332
2145,44.3625144958496
2146,43.9457893371582
2147,44.3636703491211
2148,44.5187377929688
2149,44.4438896179199
2150,44.2644081115723
2151,44.5775566101074
2152,43.9969139099121
2153,43.8734893798828
2154,43.4380073547363
2155,44.1739768981934
2156,43.5371780395508
2157,43.4438018798828
2158,44.3146781921387
2159,43.6230621337891
2160,44.4494819641113
2161,44.5697402954102
2162,42.6305351257324
2163,44.6126747131348
2164,44.3065719604492
2165,43.8088264465332
2166,44.4461669921875
2167,42.9663581848145
2168,44.5257606506348
2169,44.2570343017578
2170,44.1839256286621
2171,43.9865875244141
2172,44.0221862792969
2173,44.4610252380371
2174,43.4181747436523
2175,44.1859359741211
2176,44.6041870117188
2177,44.3915405273438
2178,44.2496070861816
2179,44.3785285949707
2180,43.8134574890137
2181,44.4446182250977
2182,44.284538269043
2183,44.1775054931641
2184,44.4870452880859
2185,44.5820236206055
2186,44.2505950927734
2187,43.0674209594727
2188,44.4739379882813
2189,42.6720390319824
2190,44.2367210388184
2191,44.0310821533203
2192,44.0843696594238
2193,44.4308280944824
2194,44.5971488952637
2195,43.981746673584
2196,43.1421585083008
2197,43.6194114685059
2198,43.9405403137207
2199,43.7590026855469
2200,43.2616310119629
2201,43.650276184082
2202,42.5631446838379
2203,44.215087890625
2204,44.393669128418
2205,43.3178520202637
2206,44.3059844970703
2207,42.8653564453125
2208,44.1338386535645
2209,44.0358772277832
2210,44.247241973877
2211,44.0507011413574
2212,44.1959381103516
2213,44.6132125854492
2214,42.2369613647461
2215,43.8228149414063
2216,43.4101638793945
2217,44.053882598877
2218,43.5801124572754
2219,43.5191802978516
2220,43.6406440734863
2221,44.5038948059082
2222,44.6174812316895
2223,44.5300025939941
2224,43.310115814209
2225,44.6675872802734
2226,44.2452125549316
2227,44.0043563842773
2228,44.6565628051758
2229,44.6574592590332
2230,44.0363807678223
2231,44.1889533996582
2232,44.2792167663574
2233,44.0149765014648
2234,43.575569152832
2235,42.632251739502
2236,44.4426765441895
2237,44.6457786560059
2238,42.5266151428223
2239,44.2493171691895
2240,44.0942649841309
2241,43.7952346801758
2242,44.1879272460938
2243,44.1986618041992
2244,43.8317031860352
2245,44.2548675537109
2246,44.6332397460938
2247,44.7083549499512
2248,44.3245010375977
2249,44.5412101745606
2250,44.56103515625
2251,44.2480888366699
2252,44.2219161987305
2253,44.5991973876953
2254,43.9208488464355
2255,44.5837936401367
2256,43.9286804199219
2257,44.643798828125
2258,42.4998817443848
2259,44.3440666198731
2260,43.2005958557129
2261,44.4149780273438
2262,43.9451370239258
2263,44.4852867126465
2264,43.749626159668
2265,44.3396873474121
2266,44.1228981018066
2267,44.5238647460937
2268,44.6868362426758
2269,43.2892189025879
2270,42.9150276184082
2271,43.9272499084473
2272,44.4364624023438
2273,42.2026634216309
2274,44.6086616516113
2275,43.8422927856445
2276,43.7850570678711
2277,43.869010925293
2278,44.3812828063965
2279,43.0138359069824
2280,42.5333290100098
2281,44.2036552429199
2282,43.4421882629395
2283,44.2966499328613
2284,43.022518157959
2285,43.0467872619629
2286,44.5766868591309
2287,44.6555252075195
2288,44.4276924133301
2289,44.6271476745605
2290,43.8651542663574
2291,43.2731628417969
2292,44.1893348693848
2293,44.2782135009766
2294,44.3503913879395
2295,43.9571723937988
2296,44.4744758605957
2297,42.9638366699219
2298,44.2470245361328
2299,43.7294120788574
2300,44.4560241699219
2301,43.4336624145508
2302,42.7521820068359
2303,43.8305931091309
2304,43.7517776489258
2305,43.8462333679199
2306,43.529842376709
2307,44.0455551147461
2308,44.5555572509766
2309,43.8435821533203
2310,44.4514503479004
2311,44.3855781555176
2312,44.3074836730957
2313,44.5193557739258
2314,44.490047454834
2315,43.2433547973633
2316,44.0785331726074
2317,43.7110977172852
2318,44.3057670593262
2319,44.0669898986816
2320,43.7735824584961
2321,44.4510726928711
2322,43.4900321960449
2323,44.0203895568848
2324,43.8920364379883
2325,44.3533477783203
2326,42.1564483642578
2327,44.2620010375977
2328,43.2113227844238
2329,44.5786819458008
2330,44.4057197570801
2331,44.2300872802734
2332,44.3953590393066
2333,43.4917182922363
2334,44.5359764099121
2335,44.5742378234863
2336,44.7624588012695
2337,43.8988952636719
2338,43.9568557739258
2339,44.3497200012207
2340,43.4998397827148
2341,41.624267578125
2342,43.5548934936523
2343,44.3195877075195
2344,44.1980018615723
2345,44.6546325683594
2346,44.2014923095703
2347,44.3987312316895
2348,44.3116455078125
2349,43.6666297912598
2350,43.2613525390625
2351,44.5621337890625
2352,44.3008003234863
2353,44.3896636962891
2354,44.0228309631348
2355,44.3652534484863
2356,44.7075386047363
2357,44.1440124511719
2358,44.0492630004883
2359,44.2570495605469
2360,42.9654808044434
2361,44.4527626037598
2362,44.5640411376953
2363,44.09228515625
2364,44.3653030395508
2365,44.6281051635742
2366,41.9615745544434
2367,44.6764678955078
2368,42.1487312316895
2369,44.0017471313477
2370,44.2519569396973
2371,44.1889152526855
2372,44.593620300293
2373,44.3833923339844
2374,43.3207054138184
2375,44.4809226989746
2376,44.6128616333008
2377,44.4036331176758
2378,44.548900604248
2379,43.6694831848145
2380,43.7612190246582
2381,44.3883209228516
2382,43.9156532287598
2383,43.5324211120606
2384,44.4563941955566
2385,44.5611114501953
2386,44.6493492126465
2387,44.0831718444824
2388,42.9332618713379
2389,44.5091590881348
2390,44.2428359985352
2391,42.9007949829102
2392,44.5381126403809
2393,43.618465423584
2394,44.6040458679199
2395,43.9033546447754
2396,43.239185333252
2397,43.0019798278809
2398,43.138786315918
2399,44.5619163513184
2400,44.4650192260742
2401,43.5202293395996
2402,44.052417755127
2403,43.991828918457
2404,44.776668548584
2405,44.6641006469727
2406,44.2676467895508
2407,43.2646179199219
2408,44.0735282897949
2409,43.7646675109863
2410,44.6667671203613
2411,44.4596328735352
2412,44.664176940918
2413,43.8621330261231
2414,44.5401115417481
2415,43.4413871765137
2416,43.9035148620606
2417,44.1932258605957
2418,43.6827125549316
2419,43.8691444396973
2420,43.3990020751953
2421,44.2565841674805
2422,43.8869819641113
2423,44.3425788879395
2424,44.4687767028809
2425,44.6820831298828
2426,43.4401245117188
2427,42.8549957275391
2428,42.5169067382813
2429,43.7071189880371
2430,44.0606155395508
2431,43.320915222168
2432,43.7099494934082
2433,43.411247253418
2434,43.8868789672852
2435,43.3377494812012
2436,44.3753395080566
2437,44.3053169250488
2438,44.4823265075684
2439,44.0945243835449
2440,42.5964698791504
2441,44.5300636291504
2442,44.4937591552734
2443,42.9122047424316
2444,44.2924461364746
2445,42.0815696716309
2446,43.6025581359863
2447,44.3232154846191
2448,42.5112495422363
2449,44.7414016723633
2450,43.8157119750977
2451,44.4089050292969
2452,43.5607986450195
2453,44.2701835632324
2454,44.687313079834
2455,44.3543853759766
2456,42.5579872131348
2457,44.412769317627
2458,44.6992073059082
2459,44.4705848693848
2460,43.8874778747559
2461,44.4837684631348
2462,44.1390647888184
2463,44.4618835449219
2464,44.6298408508301
2465,44.6398620605469
2466,44.1797370910645
2467,44.4843292236328
2468,44.454273223877
2469,42.9213905334473
2470,43.8507995605469
2471,44.0968246459961
2472,44.615364074707
2473,44.5932884216309
2474,44.224365234375
2475,43.3571510314941
2476,44.3799171447754
2477,44.371639251709
2478,42.2338752746582
2479,44.0512504577637
2480,43.4000396728516
2481,44.43603515625
2482,43.3077430725098
2483,43.889575958252
2484,44.5116310119629
2485,43.8133201599121
2486,41.7065124511719
2487,43.0065612792969
2488,44.6383247375488
2489,44.3294067382813
2490,43.6098327636719
2491,44.1666259765625
2492,43.3268241882324
2493,44.0636711120605
2494,42.9263763427734
2495,43.8695335388184
2496,44.4431190490723
2497,44.3982734680176
2498,43.1252632141113
2499,44.0025901794434
2500,44.3908386230469
2501,44.1090316772461
2502,44.6103057861328
2503,44.5320205688477
2504,43.6512107849121
2505,44.2048835754395
2506,44.1139831542969
2507,44.32958984375
2508,43.6265754699707
2509,44.3239936828613
2510,42.1317138671875
2511,42.6537132263184
2512,44.3746528625488
2513,43.84130859375
2514,44.5401496887207
2515,44.4507026672363
2516,43.9929466247559
2517,44.0163650512695
2518,44.5285911560059
2519,44.6327133178711
2520,43.8092956542969
2521,44.568115234375
2522,44.292407989502
2523,44.4942436218262
2524,43.9477806091309
2525,44.5223770141602
2526,43.6462554931641
2527,43.6631240844727
2528,44.3101272583008
2529,44.6578216552734
2530,44.5038032531738
2531,44.4356918334961
2532,44.5678367614746
2533,44.3256187438965
2534,44.1922950744629
2535,44.09375
2536,43.6559867858887
2537,43.8105354309082
2538,44.4315605163574
2539,44.3410568237305
2540,44.2913513183594
2541,44.3351058959961
2542,44.0176849365234
2543,43.3271026611328
2544,44.2665214538574
2545,44.7195243835449
2546,42.7659530639648
2547,44.5657691955566
2548,44.6118850708008
2549,44.5671119689941
2550,44.371696472168
2551,44.010139465332
2552,43.9333877563477
2553,43.465503692627
2554,44.1525268554688
2555,44.6082649230957
2556,44.0128707885742
2557,44.074089050293
2558,44.3127822875977
2559,43.4958114624024
2560,43.787467956543
2561,44.3692893981934
2562,44.5186805725098
2563,44.2690086364746
2564,44.2129859924316
2565,44.6418838500977
2566,43.2904319763184
2567,42.9386520385742
2568,43.3632888793945
2569,44.3449745178223
2570,44.6638374328613
2571,42.902099609375
2572,44.1994438171387
2573,44.2015266418457
2574,43.4949493408203
2575,44.0687484741211
2576,43.8454971313477
2577,42.5696067810059
2578,44.602596282959
2579,43.8557624816895
2580,44.2101669311523
2581,42.6215019226074
2582,44.2261848449707
2583,44.1683502197266
2584,44.5417137145996
2585,43.8139915466309
2586,44.4221038818359
2587,43.0478591918945
2588,44.3883590698242
2589,44.6344337463379
2590,43.9455375671387
2591,44.3925285339356
2592,44.1185569763184
2593,43.6784744262695
2594,44.4975776672363
2595,44.6962242126465
2596,44.2681159973145
2597,44.6611137390137
2598,44.7223167419434
2599,43.6463470458984
2600,44.6348342895508
2601,43.0465126037598
2602,44.212516784668
2603,44.5583381652832
2604,44.2860679626465
2605,44.1349105834961
2606,43.8272361755371
2607,43.5796089172363
2608,44.3857498168945
2609,43.5759963989258
2610,44.5891304016113
2611,44.6500854492188
2612,43.55322265625
2613,43.9404792785645
2614,43.5280075073242
2615,44.376594543457
2616,44.4224319458008
2617,44.5294952392578
2618,43.2728004455566
2619,44.291618347168
2620,44.0801544189453
2621,43.8571395874024
2622,44.543140411377
2623,44.4494705200195
2624,44.45751953125
2625,44.4464912414551
2626,44.4062919616699
2627,43.3394088745117
2628,42.6337242126465
2629,44.5137786865234
2630,42.571891784668
2631,43.7436714172363
2632,42.6116065979004
2633,43.643238067627
2634,44.2040023803711
2635,44.5975875854492
2636,43.2489395141602
2637,43.9910736083984
2638,42.5944213867188
2639,44.5017814636231
2640,44.6092720031738
2641,43.4133033752441
2642,44.4962348937988
2643,44.099681854248
2644,43.6187896728516
2645,44.1459083557129
2646,44.5812568664551
2647,44.0031356811523
2648,44.5907859802246
2649,44.6832504272461
2650,44.2516288757324
2651,44.1327590942383
2652,44.2875900268555
2653,44.5822563171387
2654,43.8708763122559
2655,44.3573379516602
2656,44.3211822509766
2657,44.1034088134766
2658,44.1986923217773
2659,43.9073638916016
2660,44.2955055236816
2661,44.2429428100586
2662,44.5860252380371
2663,44.6207809448242
2664,44.3063507080078
2665,43.4539260864258
2666,44.1260833740234
2667,44.7188987731934
2668,44.4790382385254
2669,44.3212585449219
2670,44.2094230651856
2671,44.4316825866699
2672,44.1324081420899
2673,43.6159286499023
2674,44.4199447631836
2675,43.3430862426758
2676,44.2592391967773
2677,44.2707252502441
2678,44.4457130432129
2679,44.5942077636719
2680,43.0366592407227
2681,44.4045906066895
2682,44.2980079650879
2683,43.8866119384766
2684,44.2486763000488
2685,44.5665702819824
2686,43.3349113464355
2687,44.0520362854004
2688,43.6102485656738
2689,44.5553207397461
2690,44.4167556762695
2691,44.4941253662109
2692,44.1268539428711
2693,43.6041679382324
2694,42.7509574890137
2695,42.9438171386719
2696,44.4329414367676
2697,44.2517585754395
2698,44.6352729797363
2699,44.1972732543945
2700,44.3703460693359
2701,43.783332824707
2702,44.6853446960449
2703,44.7541007995605
2704,44.0096664428711
2705,44.4888954162598
2706,44.0554962158203
2707,43.3274765014648
2708,43.9792327880859
2709,43.0087280273438
2710,44.6191902160645
2711,43.8316879272461
2712,42.6797561645508
2713,44.5503616333008
2714,42.5234718322754
2715,44.4834327697754
2716,44.6207885742188
2717,42.6071586608887
2718,42.6555557250977
2719,42.179988861084
2720,44.4570388793945
2721,43.5440368652344
2722,43.207878112793
2723,43.6472015380859
2724,44.1491508483887
2725,43.7213668823242
2726,43.2824592590332
2727,44.6007423400879
2728,44.6404304504395
2729,42.9861564636231
2730,44.0989494323731
2731,44.533805847168
2732,44.4228057861328
2733,44.5700531005859
2734,43.3605613708496
2735,44.3386611938477
2736,44.5434379577637
2737,44.0164337158203
2738,44.5726737976074
2739,44.0449981689453
2740,43.8280372619629
2741,42.6730575561524
2742,43.7388801574707
2743,43.9838676452637
2744,44.4558181762695
2745,44.5051536560059
2746,44.1837768554688
2747,44.1362800598145
2748,44.505729675293
2749,44.0621566772461
2750,44.4771003723145
2751,44.7028160095215
2752,43.984058380127
2753,44.4883537292481
2754,42.5101928710938
2755,44.6774253845215
2756,42.9692001342773
2757,43.548454284668
2758,44.0588531494141
2759,43.5975723266602
2760,44.4555473327637
2761,44.4154052734375
2762,43.6999359130859
2763,43.3358993530274
2764,44.4225234985352
2765,44.6204643249512
2766,44.6816329956055
2767,43.6391296386719
2768,44.7946166992188
2769,43.2933044433594
2770,44.2266540527344
2771,44.4218139648438
2772,44.489501953125
2773,44.0481338500977
2774,42.9281044006348
2775,42.9972839355469
2776,43.3557205200195
2777,44.3111305236816
2778,44.2533683776856
2779,43.0585403442383
2780,44.5478897094727
2781,44.1337776184082
2782,44.7230796813965
2783,43.924919128418
2784,44.3283882141113
2785,44.3082504272461
2786,43.8627853393555
2787,44.3270683288574
2788,43.3827056884766
2789,43.479793548584
2790,44.3479385375977
2791,43.3408622741699
2792,44.2360229492188
2793,43.5957107543945
2794,44.1209449768066
2795,43.2646293640137
2796,43.8407211303711
2797,44.3258476257324
2798,44.5841751098633
2799,42.1344833374023
2800,44.3739242553711
2801,44.5533981323242
2802,44.543098449707
2803,43.37109375
2804,42.9205856323242
2805,44.419017791748
2806,43.663444519043
2807,43.9068984985352
2808,43.6408576965332
2809,44.6082229614258
2810,43.8176651000977
2811,44.339241027832
2812,44.4559669494629
2813,44.4766426086426
2814,43.918270111084
2815,43.9851799011231
2816,43.6969909667969
2817,44.0837669372559
2818,43.920711517334
2819,43.6935157775879
2820,44.2777938842773
2821,43.0816688537598
2822,43.5108299255371
2823,44.5100364685059
2824,44.3802299499512
2825,44.0085067749024
2826,44.575252532959
2827,44.2791786193848
2828,44.1815414428711
2829,44.1753692626953
2830,44.5249786376953
2831,44.5754890441895
2832,43.4249000549316
2833,44.2101440429687
2834,42.9999694824219
2835,43.9604377746582
2836,43.7935791015625
2837,44.4237976074219
2838,41.1811599731445
2839,44.4881744384766
2840,44.4422836303711
2841,44.1578979492188
2842,44.1326446533203
2843,44.4207305908203
2844,43.8547630310059
2845,44.4788284301758
2846,43.6809921264648
2847,44.2611122131348
2848,44.1067047119141
2849,43.7074012756348
2850,43.8342819213867
2851,42.9234771728516
2852,43.0039939880371
2853,44.3590812683105
2854,43.3950004577637
2855,44.041072845459
2856,43.6725769042969
2857,44.6136360168457
2858,44.1490631103516
2859,43.0043296813965
2860,44.2311325073242
2861,44.4978103637695
2862,44.4230346679688
2863,44.4015655517578
2864,43.9128456115723
2865,43.1747665405274
2866,44.0592765808106
2867,44.5635833740234
2868,43.2662506103516
2869,44.3547439575195
2870,44.5046234130859
2871,43.8544044494629
2872,44.4343795776367
2873,44.6417121887207
2874,43.0013656616211
2875,44.1523780822754
2876,43.3479690551758
2877,42.6946296691895
2878,42.1582870483398
2879,44.4959907531738
2880,44.503662109375
2881,43.5992469787598
2882,44.6446342468262
2883,44.3624687194824
2884,43.0053329467773
2885,44.4278945922852
2886,43.2285346984863
2887,44.1113090515137
2888,43.6627540588379
2889,44.5191192626953
2890,44.4455070495606
2891,44.1819343566895
2892,43.2268562316895
2893,44.5575752258301
2894,43.2890548706055
2895,42.6748809814453
2896,43.9127235412598
2897,41.6798858642578
2898,44.6140213012695
2899,44.3860359191895
2900,44.5350189208984
2901,44.4899024963379
2902,44.078239440918
2903,43.544319152832
2904,44.1026077270508
2905,43.0179710388184
2906,44.1278800964355
2907,43.8126258850098
2908,43.5716705322266
2909,44.510986328125
2910,44.1224403381348
2911,44.2312850952149
2912,44.6631927490234
2913,44.220817565918
2914,44.6524391174316
2915,43.6746559143066
2916,42.2200393676758
2917,44.3932800292969
2918,44.3454513549805
2919,44.486198425293
2920,44.108570098877
2921,44.2334060668945
2922,43.6248817443848
2923,42.5509185791016
2924,43.6439933776856
2925,43.9390907287598
2926,44.3005981445313
2927,44.4881935119629
2928,43.2885589599609
2929,44.182975769043
2930,44.289436340332
2931,44.1105079650879
2932,43.8754272460938
2933,43.5835494995117
2934,44.5286674499512
2935,42.9680099487305
2936,44.2613029479981
2937,43.8693046569824
2938,44.1960258483887
2939,44.6113357543945
2940,44.7267074584961
2941,44.4812812805176
2942,43.2982025146484
2943,44.45166015625
2944,44.3276252746582
2945,44.6015625
2946,44.4323120117187
2947,43.9580078125
2948,43.9719581604004
2949,44.322380065918
2950,43.954273223877
2951,44.0100975036621
2952,44.4555015563965
2953,44.5140380859375
2954,43.6547698974609
2955,44.0206031799316
2956,44.0744705200195
2957,44.4021186828613
2958,43.9127578735352
2959,44.0356254577637
2960,44.3918952941895
2961,44.3865966796875
2962,44.1658058166504
2963,44.3436164855957
2964,41.1650199890137
2965,43.878288269043
2966,44.6402397155762
2967,44.4308586120606
2968,44.146785736084
2969,43.3556976318359
2970,43.8368644714356
2971,43.9757270812988
2972,44.633415222168
2973,43.5370483398438
2974,44.2937698364258
2975,44.48193359375
2976,43.8339157104492
2977,43.5292510986328
2978,44.5792579650879
2979,44.6565818786621
2980,44.0202789306641
2981,43.7145195007324
2982,44.3532333374023
2983,43.851432800293
2984,44.2882461547852
2985,44.6821327209473
2986,44.6297950744629
2987,43.5786552429199
2988,43.6898574829102
2989,42.1892127990723
2990,43.6170692443848
2991,43.5433197021484
2992,44.3170013427734
2993,44.5032501220703
2994,43.8968162536621
2995,43.8252868652344
2996,44.4748802185059
2997,44.1428108215332
2998,44.151237487793
2999,43.5890617370606
3000,43.7875595092774
3001,44.0682983398438
3002,44.1643981933594
3003,44.656063079834
3004,44.0660133361816
3005,43.6786575317383
3006,43.1934547424316
3007,44.3104858398438
3008,44.0709609985352
3009,44.458984375
3010,44.5223426818848
3011,42.1481285095215
3012,44.6316108703613
3013,44.5310554504395
3014,44.396354675293
3015,44.0734786987305
3016,44.5266609191895
3017,44.2075691223145
3018,44.6370010375977
3019,44.5624198913574
3020,44.2002449035645
3021,43.7574462890625
3022,44.0368537902832
3023,43.6457901000977
3024,43.8614387512207
3025,44.4560050964356
3026,44.5273323059082
3027,42.5115242004395
3028,42.9609184265137
3029,44.2775917053223
3030,42.9859657287598
3031,44.6167373657227
3032,44.4133033752441
3033,44.3684806823731
3034,43.7188873291016
3035,44.5470008850098
3036,43.8469772338867
3037,43.6434478759766
3038,44.5795440673828
3039,43.3993339538574
3040,43.3089447021484
3041,44.4908256530762
3042,44.6022491455078
3043,44.118782043457
3044,44.4107666015625
3045,44.6411628723145
3046,44.3767852783203
3047,44.5235633850098
3048,44.152587890625
3049,44.4510231018066
3050,42.0821075439453
3051,44.2859268188477
3052,44.440055847168
3053,42.9972763061523
3054,44.6129722595215
3055,44.1661376953125
3056,43.9381675720215
3057,43.2264556884766
3058,44.00244140625
3059,43.7657890319824
3060,44.2379188537598
3061,43.6818008422852
3062,43.6209449768066
3063,44.0999221801758
3064,44.3550338745117
3065,44.3522644042969
3066,42.9026069641113
3067,44.1735305786133
3068,44.4882507324219
3069,44.4301261901856
3070,44.0189552307129
3071,44.6770439147949
3072,44.5075721740723
3073,43.839900970459
3074,43.0018653869629
3075,44.5581932067871
3076,44.2187194824219
3077,44.2159996032715
3078,44.3434562683106
3079,44.3472938537598
3080,44.4815139770508
3081,43.5940780639649
3082,44.5312309265137
3083,44.5598297119141
3084,44.518367767334
3085,44.6058502197266
3086,43.8947944641113
3087,44.6506576538086
3088,43.2179908752441
3089,44.6167182922363
3090,43.5628356933594
3091,43.9312019348145
3092,43.6630783081055
3093,44.2189331054688
3094,43.7265090942383
3095,43.017448425293
3096,43.17578125
3097,44.4102287292481
3098,43.6511497497559
3099,43.69482421875
3100,44.1847877502441
3101,43.6286697387695
3102,43.7422065734863
3103,43.9790573120117
3104,44.3667526245117
3105,44.4714508056641
3106,44.4580612182617
3107,44.4067649841309
3108,44.6086807250977
3109,43.6875534057617
3110,43.8726539611816
3111,44.3884468078613
3112,43.8336601257324
3113,44.2525482177734
3114,43.5631256103516
3115,43.9333877563477
3116,44.5242958068848
3117,44.1852226257324
3118,44.0721435546875
3119,39.8538970947266
3120,43.6947364807129
3121,44.629695892334
3122,43.9114456176758
3123,43.7897415161133
3124,43.2919311523438
3125,43.6834602355957
3126,44.5852928161621
3127,43.0054550170898
3128,44.0250434875488
3129,43.3120880126953
3130,44.2912292480469
3131,44.2564735412598
3132,44.4530715942383
3133,44.1106338500977
3134,44.7334175109863
3135,44.6190376281738
3136,44.1764068603516
3137,44.5950775146484
3138,42.5354156494141
3139,44.5573081970215
3140,44.2932624816895
3141,44.7097892761231
3142,44.6483306884766
3143,44.2600784301758
3144,43.303825378418
3145,43.6841163635254
3146,42.6336517333984
3147,43.6474800109863
3148,43.945068359375
3149,44.4821853637695
3150,44.0828704833984
3151,44.3772850036621
3152,44.5925025939941
3153,44.479907989502
3154,44.6119270324707
3155,42.1958847045898
3156,43.9968948364258
3157,44.1918296813965
3158,44.492790222168
3159,44.5704879760742
3160,44.5029487609863
3161,44.0349502563477
3162,44.1023902893066
3163,44.2047843933105
3164,44.221981048584
3165,43.9915618896484
3166,44.454418182373
3167,43.9782638549805
3168,43.2652320861816
3169,44.1267852783203
3170,44.400749206543
3171,44.0562133789063
3172,44.6396980285645
3173,43.6400413513184
3174,42.2603645324707
3175,44.5928497314453
3176,44.5487823486328
3177,43.7986755371094
3178,43.0659904479981
3179,43.5900726318359
3180,44.0409164428711
3181,43.9205360412598
3182,44.351936340332
3183,44.5093040466309
3184,44.3180084228516
3185,44.4140357971191
3186,44.5411643981934
3187,43.9401359558106
3188,43.884635925293
3189,44.6364250183106
3190,44.0255279541016
3191,42.1176376342774
3192,44.3988075256348
3193,44.0664291381836
3194,43.8882560729981
3195,44.4695854187012
3196,44.4162864685059
3197,44.5887641906738
3198,44.3869781494141
3199,44.4230079650879
3200,44.6199340820313
3201,44.1732215881348
3202,43.5761985778809
3203,42.5288772583008
3204,44.6744995117188
3205,44.3086853027344
3206,44.5551834106445
3207,44.2047271728516
3208,44.2104911804199
3209,43.7789192199707
3210,43.0685234069824
3211,43.796501159668
3212,42.1821479797363
3213,43.3540458679199
3214,44.4795684814453
3215,44.1267509460449
3216,44.5960540771484
3217,44.3637008666992
3218,44.5374946594238
3219,44.3859596252441
3220,44.0246810913086
3221,44.1842880249024
3222,42.6096572875977
3223,44.6374702453613
3224,44.641185760498
3225,42.6683235168457
3226,43.2926788330078
3227,44.5752105712891
3228,43.8784561157227
3229,44.4875869750977
3230,44.3739356994629
3231,44.3515434265137
3232,44.1188011169434
3233,44.6725234985352
3234,44.204517364502
3235,44.0231742858887
3236,44.1597175598145
3237,43.8919830322266
3238,44.0025634765625
3239,44.0364875793457
3240,44.6225242614746
3241,42.5076370239258
3242,43.894100189209
3243,44.4314765930176
3244,44.3872871398926
3245,42.9580078125
3246,44.2340507507324
3247,44.4235038757324
3248,43.9437866210938
3249,43.981071472168
3250,44.2481346130371
3251,43.6433982849121
3252,43.4860343933106
3253,44.4970245361328
3254,44.6424942016602
3255,43.7654190063477
3256,42.5792579650879
3257,43.464412689209
3258,43.2481918334961
3259,43.6941604614258
3260,43.5939750671387
3261,44.4590950012207
3262,44.3611717224121
3263,44.3219947814941
3264,44.0141868591309
3265,44.4221343994141
3266,44.0440711975098
3267,44.0348320007324
3268,44.4009513854981
3269,44.0441093444824
3270,44.580322265625
3271,42.5330352783203
3272,43.5778427124023
3273,43.6693458557129
3274,44.1135063171387
3275,44.6132011413574
3276,44.4888648986816
3277,44.2145690917969
3278,44.4750900268555
3279,44.5022163391113
3280,44.4452819824219
3281,42.6247940063477
3282,42.5522651672363
3283,44.7512283325195
3284,43.3410110473633
3285,44.8208389282227
3286,44.3834114074707
3287,43.757568359375
3288,43.9248962402344
3289,44.3414192199707
3290,43.0241088867188
3291,43.4412498474121
3292,44.5675849914551
3293,44.4118995666504
3294,44.7208404541016
3295,42.0520057678223
3296,44.5276832580566
3297,44.4772872924805
3298,43.8652420043945
3299,44.5219116210938
3300,44.4618988037109
3301,44.4675178527832
3302,44.6152877807617
3303,44.3657722473145
3304,44.3219146728516
3305,44.4030952453613
3306,43.9646606445313
3307,42.0781593322754
3308,44.5720748901367
3309,44.4773979187012
3310,44.3391151428223
3311,42.7988777160645
3312,44.4711112976074
3313,44.3892669677734
3314,44.296012878418
3315,44.4545974731445
3316,44.5382499694824
3317,44.6112289428711
3318,44.6840515136719
3319,44.4996719360352
3320,42.8560600280762
3321,44.4062690734863
3322,44.236930847168
3323,43.5059356689453
3324,44.1907234191895
3325,44.2855072021484
3326,43.290153503418
3327,44.2996101379395
3328,44.3548927307129
3329,44.2981643676758
3330,44.1057281494141
3331,44.5585517883301
3332,44.6782417297363
3333,44.5837821960449
3334,43.7764205932617
3335,43.3958015441895
3336,44.5083274841309
3337,43.7391777038574
3338,43.2960052490234
3339,44.483699798584
3340,44.6489639282227
3341,42.5982360839844
3342,44.2201080322266
3343,43.0453643798828
3344,43.7681274414063
3345,44.5739822387695
3346,43.7624320983887
3347,44.5620613098145
3348,43.3390502929688
3349,44.3998947143555
3350,43.3339729309082
3351,43.5917701721191
3352,44.6502723693848
3353,44.4839057922363
3354,44.5121116638184
3355,43.3151016235352
3356,44.4718437194824
3357,43.9502296447754
3358,43.2771072387695
3359,44.456169128418
3360,44.4136238098145
3361,43.622371673584
3362,43.6719779968262
3363,43.7159767150879
3364,44.6702270507813
3365,43.6397705078125
3366,44.2227592468262
3367,43.4998321533203
3368,43.9306640625
3369,44.0207138061524
3370,42.7223320007324
3371,42.6231346130371
3372,42.9735145568848
3373,43.8739051818848
3374,42.8696670532227
3375,44.4790802001953
3376,44.0407638549805
3377,44.5178375244141
3378,44.0871772766113
3379,43.6081733703613
3380,43.3334159851074
3381,43.846923828125
3382,44.0573883056641
3383,44.3710327148438
3384,44.5681648254395
3385,43.9024124145508
3386,44.5648460388184
3387,43.2875099182129
3388,43.3819046020508
3389,44.0596199035645
3390,44.020622253418
3391,44.5364799499512
3392,43.5778274536133
3393,44.1474609375
3394,44.4423141479492
3395,44.3268852233887
3396,44.4803199768066
3397,43.995735168457
3398,43.9733238220215
3399,44.3694000244141
3400,43.8049201965332
3401,43.3705024719238
3402,43.630443572998
3403,44.225399017334
3404,43.6775398254395
3405,44.694694519043
3406,44.4207038879395
3407,44.2923736572266
3408,44.253231048584
3409,44.3556861877441
3410,44.2253913879395
3411,44.1853408813477
3412,42.162483215332
3413,44.063045501709
3414,44.1737785339356
3415,44.2630271911621
3416,44.4951515197754
3417,41.5364494323731
3418,44.5634460449219
3419,43.8720970153809
3420,44.138671875
3421,42.581111907959
3422,44.1460876464844
3423,44.0017967224121
3424,43.8143577575684
3425,43.8567733764648
3426,44.1809768676758
3427,44.24853515625
3428,44.3269424438477
3429,44.5130081176758
3430,44.4708786010742
3431,44.5140533447266
3432,44.6520729064941
3433,44.322437286377
3434,44.2437973022461
3435,44.3155937194824
3436,42.9985389709473
3437,44.073169708252
3438,43.4755477905273
3439,43.3634262084961
3440,44.1648826599121
3441,44.3012733459473
3442,43.8586235046387
3443,44.168041229248
3444,44.5812835693359
3445,42.4287109375
3446,44.1797370910645
3447,44.0659255981445
3448,44.5324020385742
3449,43.1631126403809
3450,44.0790863037109
3451,43.4649314880371
3452,43.2727432250977
3453,43.575553894043
3454,44.3787651062012
3455,44.0688400268555
3456,44.2533988952637
3457,43.5406913757324
3458,44.2824783325195
3459,44.4315605163574
3460,44.2911529541016
3461,44.4555892944336
3462,44.6691627502441
3463,44.0100250244141
3464,43.2163505554199
3465,44.4301834106445
3466,43.9182853698731
3467,44.0797843933106
3468,44.2862968444824
3469,43.6020774841309
3470,43.2868919372559
3471,42.9732894897461
3472,44.5047340393066
3473,42.8973121643066
3474,44.6185684204102
3475,43.9181060791016
3476,43.6219482421875
3477,44.3885498046875
3478,42.1968841552734
3479,43.5658569335938
3480,44.5225677490234
3481,44.249382019043
3482,44.0297584533691
3483,44.365837097168
3484,44.3148002624512
3485,43.1899490356445
3486,43.3527870178223
3487,44.4133224487305
3488,44.4402236938477
3489,44.4167366027832
3490,44.0269432067871
3491,43.2860260009766
3492,43.727954864502
3493,39.8231811523437
3494,44.687313079834
3495,44.442253112793
3496,44.4916114807129
3497,43.9449310302734
3498,44.0717697143555
3499,43.629020690918
3500,44.4538917541504
3501,44.4385871887207
3502,43.7937698364258
3503,44.5620803833008
3504,42.9463920593262
3505,44.2255401611328
3506,43.5724487304688
3507,43.5400314331055
3508,40.6030693054199
3509,43.7766609191895
3510,43.7267379760742
3511,44.542163848877
3512,44.4507331848145
3513,44.3851852416992
3514,42.4596557617187
3515,42.9922828674316
3516,42.7593154907227
3517,43.9467315673828
3518,43.8107299804688
3519,44.2977447509766
3520,43.6127433776855
3521,44.367431640625
3522,43.5646858215332
3523,44.2030944824219
3524,44.2630653381348
3525,43.3409461975098
3526,44.4037475585938
3527,44.2597846984863
3528,44.2103614807129
3529,44.5090484619141
3530,43.5138092041016
3531,44.3445434570313
3532,44.5832595825195
3533,44.4626274108887
3534,42.8943824768066
3535,44.4100227355957
3536,42.9724884033203
3537,43.7503395080566
3538,44.3149604797363
3539,43.9141311645508
3540,44.519889831543
3541,44.1353988647461
3542,44.4048004150391
3543,44.2728996276856
3544,44.5114440917969
3545,44.2834892272949
3546,44.1656036376953
3547,43.5682106018066
3548,44.1049537658691
3549,43.1812553405762
3550,43.6874809265137
3551,43.0791282653809
3552,44.0249519348145
3553,43.0895614624023
3554,43.9708824157715
3555,43.8542022705078
3556,43.9547348022461
3557,44.5511856079102
3558,42.0696868896484
3559,43.5585060119629
3560,44.5738182067871
3561,44.434139251709
3562,43.6326560974121
3563,42.877815246582
3564,44.4590606689453
3565,44.1454811096191
3566,44.5541572570801
3567,44.2080459594727
3568,42.1696434020996
3569,44.4273910522461
3570,43.8855934143066
3571,43.8441009521484
3572,42.9492263793945
3573,44.5504188537598
3574,43.7571640014648
3575,44.3731498718262
3576,44.2608871459961
3577,44.6085624694824
3578,44.4863662719727
3579,44.2488899230957
3580,44.3463325500488
3581,44.5104637145996
3582,44.1311798095703
3583,44.4098243713379
3584,44.0692863464355
3585,43.9470405578613
3586,43.5842132568359
3587,44.0269241333008
3588,43.7120018005371
3589,44.5079498291016
3590,44.3973388671875
3591,44.5934562683105
3592,44.4160919189453
3593,44.3724746704102
3594,43.9604988098145
3595,44.3031349182129
3596,44.4402809143066
3597,44.1043739318848
3598,44.4853057861328
3599,44.4176063537598
3600,44.6139144897461
3601,44.4589767456055
3602,44.0241203308105
3603,43.6369323730469
3604,44.5192337036133
3605,44.4019241333008
3606,44.478515625
3607,44.4195785522461
3608,44.2715034484863
3609,44.4463119506836
3610,44.3984222412109
3611,43.286693572998
3612,43.8721961975098
3613,43.5644226074219
3614,44.6921539306641
3615,44.2949409484863
3616,44.5448722839356
3617,44.1964111328125
3618,44.1737670898438
3619,43.0063972473145
3620,44.6524810791016
3621,44.3095092773438
3622,43.0223770141602
3623,43.3968009948731
3624,43.6799392700195
3625,44.5081520080566
3626,44.6000442504883
3627,44.1340522766113
3628,44.4432601928711
3629,44.484260559082
3630,43.9867095947266
3631,44.3430938720703
3632,44.4258575439453
3633,43.2908554077148
3634,44.7073097229004
3635,43.9769287109375
3636,43.2669906616211
3637,44.4855003356934
3638,43.5960540771484
3639,43.7452049255371
3640,43.2353172302246
3641,43.7856712341309
3642,44.2958602905273
3643,44.1063079833984
3644,43.8413429260254
3645,44.1070289611816
3646,44.3375968933106
3647,44.1045112609863
3648,44.2919807434082
3649,44.2934722900391
3650,43.9021492004395
3651,41.6968460083008
3652,43.3341217041016
3653,44.0835189819336
3654,44.6417770385742
3655,44.452018737793
3656,42.6955032348633
3657,43.1780281066895
3658,43.7609214782715
3659,41.8387794494629
3660,44.2909355163574
3661,43.7290077209473
3662,44.5390129089356
3663,44.4161033630371
3664,44.3697776794434
3665,44.2343559265137
3666,43.6718406677246
3667,44.5383224487305
3668,43.8190536499023
3669,43.9379577636719
3670,44.0269432067871
3671,43.9591751098633
3672,43.989860534668
3673,44.3765335083008
3674,43.5476417541504
3675,43.0954742431641
3676,44.0700531005859
3677,44.2563858032227
3678,42.9559211730957
3679,42.2164039611816
3680,43.8080253601074
3681,44.3155059814453
3682,44.3408889770508
3683,44.4312973022461
3684,44.0088577270508
3685,42.9663276672363
3686,44.3825492858887
3687,43.8891410827637
3688,44.6938056945801
3689,44.528133392334
3690,44.3709182739258
3691,44.2272567749023
3692,44.2702484130859
3693,44.527400970459
3694,44.4693336486816
3695,44.1461219787598
3696,43.7301940917969
3697,43.5937538146973
3698,43.5249862670898
3699,41.1344909667969
3700,42.9201583862305
3701,43.5543212890625
3702,44.4825096130371
3703,43.4346199035645
3704,43.7971229553223
3705,43.5806045532227
3706,44.3148345947266
3707,44.3493576049805
3708,44.3520393371582
3709,44.5684967041016
3710,44.1357040405273
3711,44.0415878295898
3712,43.8993110656738
3713,43.4645118713379
3714,44.3685684204102
3715,44.0745582580566
3716,44.4588088989258
3717,44.4469947814941
3718,44.6292572021484
3719,44.0413475036621
3720,44.1389045715332
3721,44.5759468078613
3722,43.8270835876465
3723,43.5482025146484
3724,42.9271049499512
3725,43.2277870178223
3726,44.6690521240234
3727,42.6450462341309
3728,44.4553489685059
3729,44.5609359741211
3730,44.0459327697754
3731,41.5741691589355
3732,43.5277824401855
3733,44.7238922119141
3734,43.9578361511231
3735,44.2058296203613
3736,41.7796096801758
3737,44.4361839294434
3738,44.3370628356934
3739,44.0093650817871
3740,43.4054183959961
3741,44.6632423400879
3742,44.4584541320801
3743,44.4183769226074
3744,44.1821823120117
3745,43.7158241271973
3746,44.4439849853516
3747,44.6183090209961
3748,43.5439300537109
3749,44.5305023193359
3750,44.592399597168
3751,44.086784362793
3752,44.0934677124023
3753,42.6626853942871
3754,43.574821472168
3755,43.6588821411133
3756,44.1375770568848
3757,44.2841796875
3758,42.1574249267578
3759,43.9317321777344
3760,44.23974609375
3761,43.7665634155273
3762,44.2728691101074
3763,43.6157493591309
3764,43.1252937316895
3765,43.6646881103516
3766,43.5996284484863
3767,44.4752006530762
3768,44.4754333496094
3769,43.7866096496582
3770,44.2350082397461
3771,44.1530380249023
3772,44.0407028198242
3773,44.2951316833496
3774,44.5428504943848
3775,43.1252250671387
3776,43.9686012268066
3777,44.2883110046387
3778,43.7487144470215
3779,44.0503082275391
3780,44.4017143249512
3781,43.6857528686523
3782,44.5463943481445
3783,44.2941284179688
3784,44.1299896240234
3785,42.9988059997559
3786,44.265209197998
3787,43.5998191833496
3788,44.280876159668
3789,44.0176544189453
3790,44.1040306091309
3791,44.6402397155762
3792,43.7587356567383
3793,42.9934234619141
3794,44.5255470275879
3795,43.9327125549316
3796,44.085075378418
3797,43.2828521728516
3798,44.409725189209
3799,43.2193145751953
3800,43.776237487793
3801,43.7995300292969
3802,44.0814094543457
3803,44.3952674865723
3804,44.3542556762695
3805,44.3949508666992
3806,43.8931198120117
3807,43.9604911804199
3808,44.6186714172363
3809,44.2568778991699
3810,44.4374198913574
3811,44.5230178833008
3812,44.2190818786621
3813,44.4697990417481
3814,43.9025421142578
3815,44.294734954834
3816,43.8930168151856
3817,42.2342338562012
3818,44.4770431518555
3819,43.9044036865234
3820,44.1664581298828
3821,44.0878067016602
3822,44.5150756835938
3823,44.5532455444336
3824,44.1096000671387
3825,44.3535690307617
3826,44.1461791992188
3827,44.2166481018066
3828,44.1728134155273
3829,42.6390190124512
3830,44.5392990112305
3831,44.1621437072754
3832,43.0248222351074
3833,43.8168449401856
3834,42.6336288452148
3835,44.0401840209961
3836,43.7826080322266
3837,44.3454284667969
3838,42.6886520385742
3839,44.0313453674316
3840,44.433837890625
3841,43.5129432678223
3842,44.6163749694824
3843,44.0873718261719
3844,44.2611503601074
3845,44.1255378723145
3846,43.0238380432129
3847,42.9208374023438
3848,44.48779296875
3849,44.4547920227051
3850,43.278980255127
3851,44.3071365356445
3852,44.2902221679688
3853,44.3697929382324
3854,44.1631813049316
3855,43.3361015319824
3856,43.7684555053711
3857,43.5478324890137
3858,43.9459571838379
3859,44.4925880432129
3860,44.3652534484863
3861,44.5196075439453
3862,44.6378211975098
3863,44.6418685913086
3864,43.9523048400879
3865,44.2418251037598
3866,43.6704978942871
3867,42.9576263427734
3868,44.285213470459
3869,43.8429489135742
3870,42.9929733276367
3871,44.0817260742188
3872,44.0052642822266
3873,44.1265144348145
3874,44.6075706481934
3875,44.3759269714356
3876,44.5311508178711
3877,44.317626953125
3878,43.8472785949707
3879,43.3952980041504
3880,44.0143013000488
3881,43.6433639526367
3882,44.4185333251953
3883,43.8025817871094
3884,42.984619140625
3885,44.3327293395996
3886,44.5159950256348
3887,44.0235824584961
3888,44.1537094116211
3889,43.9496994018555
3890,43.4530792236328
3891,44.0684967041016
3892,44.4057502746582
3893,43.8872337341309
3894,42.9378471374512
3895,43.5429077148438
3896,44.2815170288086
3897,42.9364356994629
3898,43.8223152160645
3899,44.0278129577637
3900,44.3725051879883
3901,44.2925491333008
3902,44.5209350585938
3903,44.68359375
3904,44.1712493896484
3905,42.939811706543
3906,43.9129981994629
3907,44.1092338562012
3908,44.215934753418
3909,43.7736892700195
3910,44.3049583435059
3911,44.1744804382324
3912,44.0865516662598
3913,43.891529083252
3914,43.0979766845703
3915,43.8434181213379
3916,43.5532264709473
3917,44.3831787109375
3918,43.5210037231445
3919,43.4656639099121
3920,43.8578224182129
3921,40.9455604553223
3922,44.280345916748
3923,44.5136108398438
3924,44.4051933288574
3925,44.6519432067871
3926,43.737606048584
3927,44.3166580200195
3928,43.9968795776367
3929,44.1662292480469
3930,44.4007225036621
3931,44.5257377624512
3932,44.4603500366211
3933,42.9301567077637
3934,42.5547637939453
3935,43.2960739135742
3936,43.796558380127
3937,44.4996757507324
3938,44.0772743225098
3939,44.5640029907227
3940,43.8698081970215
3941,44.2151832580566
3942,44.2409477233887
3943,44.5641288757324
3944,44.3838577270508
3945,42.9718933105469
3946,44.397274017334
3947,43.4087982177734
3948,44.5376663208008
3949,44.4083976745606
3950,44.2208061218262
3951,44.2661399841309
3952,43.829216003418
3953,44.015064239502
3954,43.9856452941895
3955,43.6892471313477
3956,44.3103790283203
3957,43.8258628845215
3958,44.5006332397461
3959,44.5833930969238
3960,44.3965454101563
3961,43.2578468322754
3962,44.4294853210449
3963,42.498291015625
3964,44.5796585083008
3965,44.5598526000977
3966,44.454761505127
3967,44.395809173584
3968,43.846508026123
3969,42.5383796691895
3970,43.650032043457
3971,44.0396881103516
3972,43.0478363037109
3973,44.7006034851074
3974,44.5068435668945
3975,43.8293952941895
3976,43.7631454467774
3977,43.2406959533691
3978,44.2549781799316
3979,42.9561920166016
3980,44.363094329834
3981,44.0995712280273
3982,44.4780464172363
3983,44.5024795532227
3984,44.1982688903809
3985,43.9808769226074
3986,43.7857360839844
3987,44.6382369995117
3988,44.4458389282227
3989,44.4880752563477
3990,44.4638671875
3991,43.421875
3992,44.5948028564453
3993,44.4136695861816
3994,44.337947845459
3995,44.0434951782227
3996,43.3812446594238
3997,43.6385650634766
3998,44.5212669372559
3999,44.6995239257813
