batch,discrim_loss
0,2.09131693840027
1,7.16339826583862
2,4.97533416748047
3,10.0839061737061
4,6.18714094161987
5,42.4683074951172
6,32.9715881347656
7,35.6618118286133
8,35.9835815429687
9,33.4321022033691
10,37.2729034423828
11,33.2909240722656
12,37.4096908569336
13,48.3651504516602
14,41.7530746459961
15,45.2416229248047
16,40.2035598754883
17,16.9929389953613
18,26.0817623138428
19,20
20,26.0104522705078
21,30.000020980835
22,18.0000019073486
23,22.0000038146973
24,42
25,22.1777229309082
26,30.0001468658447
27,24.0010414123535
28,20.0010948181152
29,18.0010070800781
30,32.0001754760742
31,28.0000495910645
32,24.0004806518555
33,32.0001335144043
34,26.0000419616699
35,26.0000667572021
36,20.0000114440918
37,22.0000038146973
38,20.0000019073486
39,27.8022727966309
40,18.6218528747559
41,39.1846504211426
42,40.8575592041016
43,34.3858604431152
44,57.6473770141602
45,30.7558326721191
46,47.8953857421875
47,35.0235290527344
48,32.1479721069336
49,42.0985717773438
50,34.3208045959473
51,44.6107940673828
52,30.3565864562988
53,22.6208171844482
54,40.1177978515625
55,22
56,12
57,26
58,18.0785617828369
59,32.000057220459
60,22.6189403533936
61,18
62,24
63,30
64,24
65,20
66,26
67,32.0076789855957
68,26.005859375
69,24.5924606323242
70,32
71,18.0000057220459
72,20.0000915527344
73,24.0268802642822
74,53.8984680175781
75,29.0443801879883
76,16.0000343322754
77,24.0000667572021
78,20.0008907318115
79,22.2515621185303
80,20.8172569274902
81,16
82,32
83,30
84,28
85,24
86,20
87,36
88,20
89,30
90,28
91,20
92,30
93,26
94,44
95,30
96,26
97,30
98,26
99,22
100,34
101,20
102,34
103,26
104,20
105,24
106,12
107,24
108,34
109,22
110,28
111,20
112,30
113,28
114,26
115,24
116,22
117,26
118,34
119,32
120,28
121,24
122,28
123,16
124,20
125,22
126,26
127,8
128,22
129,22
130,30
131,28
132,28
133,30
134,30
135,28
136,40
137,36
138,24
139,28
140,30
141,26
142,18
143,28
144,12
145,14
146,26
147,22
148,22
149,26
150,26
151,30
152,16
153,18
154,20
155,30
156,24
157,34
158,28
159,20
160,22
161,30
162,16
163,28
164,32
165,34
166,30
167,22
168,22
169,32
170,22
171,24
172,40
173,22
174,20
175,30
176,32
177,26
178,16
179,26
180,28
181,20
182,22
183,18
184,8
185,24
186,26
187,28
188,28
189,18
190,30
191,22
192,20
193,18
194,24
195,22
196,32
197,22
198,26
199,16
200,24
201,26
202,32
203,34
204,26
205,32
206,18
207,26
208,30
209,32
210,20
211,12
212,20
213,20
214,24
215,22
216,32
217,22
218,18
219,20
220,24
221,30
222,24
223,24
224,20
225,20
226,24
227,20
228,20
229,20
230,30
231,36
232,24
233,32
234,24
235,30
236,40
237,20
238,28
239,30
240,34
241,30
242,30
243,24
244,22
245,20
246,26
247,22
248,22
249,14
250,24
251,20
252,24
253,18
254,26
255,26
256,22
257,20
258,16
259,14
260,30
261,28
262,22
263,18
264,24
265,26
266,32
267,20
268,24
269,26
270,30
271,12
272,18
273,24
274,38
275,28
276,24
277,24
278,28
279,22
280,14
281,32
282,18
283,20
284,26
285,22
286,22
287,28
288,28
289,30
290,26
291,26
292,22
293,22
294,28
295,22
296,22
297,26
298,28
299,16
300,24
301,26
302,22
303,20
304,24
305,32
306,18
307,36
308,14
309,24
310,22
311,14
312,22
313,28
314,16
315,24
316,24
317,26
318,28
319,18
320,20
321,22
322,26
323,28
324,20
325,24
326,14
327,18
328,34
329,38
330,26
331,22
332,20
333,20
334,22
335,20
336,22
337,30
338,8
339,36
340,10
341,20
342,30
343,30
344,22
345,20
346,32
347,20
348,32
349,28
350,22
351,28
352,28
353,26
354,16
355,26
356,36
357,28
358,30
359,20
360,20
361,32
362,18
363,26
364,30
365,32
366,38
367,26
368,22
369,24
370,24
371,12
372,30
373,24
374,16
375,22
376,22
377,28
378,32
379,16
380,38
381,22
382,36
383,26
384,24
385,26
386,20
387,18
388,24
389,20
390,18
391,18
392,24
393,22
394,30
395,24
396,28
397,36
398,34
399,22
400,24
401,24
402,22
403,20
404,22
405,20
406,16
407,16
408,28
409,18
410,16
411,18
412,30
413,24
414,32
415,24
416,24
417,18
418,26
419,30
420,30
421,22
422,34
423,26
424,20
425,20
426,14
427,18
428,26
429,20
430,24
431,24
432,24
433,14
434,20
435,28
436,32
437,20
438,34
439,36
440,28
441,20
442,32
443,22
444,34
445,22
446,26
447,16
448,34
449,18
450,28
451,16
452,26
453,14
454,28
455,32
456,26
457,26
458,34
459,26
460,30
461,30
462,12
463,22
464,36
465,40
466,18
467,26
468,22
469,28
470,24
471,28
472,20
473,22
474,34
475,14
476,24
477,28
478,22
479,16
480,16
481,20
482,26
483,20
484,16
485,20
486,18
487,16
488,32
489,24
490,18
491,24
492,22
493,34
494,26
495,18
496,18
497,24
498,26
499,26
500,22
501,22
502,36
503,22
504,26
505,20
506,24
507,22
508,14
509,34
510,22
511,22
512,20
513,26
514,26
515,22
516,22
517,22
518,20
519,26
520,32
521,26
522,28
523,26
524,24
525,14
526,32
527,28
528,34
529,24
530,26
531,30
532,24
533,14
534,34
535,20
536,22
537,22
538,18
539,20
540,20
541,32
542,22
543,22
544,26
545,24
546,24
547,22
548,30
549,32
550,24
551,20
552,20
553,16
554,26
555,26
556,30
557,24
558,28
559,30
560,18
561,18
562,20
563,32
564,18
565,34
566,22
567,34
568,24
569,20
570,20
571,24
572,16
573,34
574,28
575,24
576,24
577,24
578,32
579,16
580,26
581,26
582,40
583,26
584,16
585,16
586,26
587,30
588,22
589,32
590,28
591,34
592,20
593,22
594,24
595,24
596,34
597,14
598,28
599,20
600,34
601,16
602,28
603,26
604,28
605,26
606,32
607,22
608,20
609,18
610,20
611,20
612,30
613,28
614,26
615,22
616,36
617,22
618,36
619,14
620,16
621,18
622,34
623,16
624,22
625,22
626,26
627,28
628,34
629,18
630,18
631,12
632,28
633,24
634,30
635,16
636,24
637,24
638,20
639,18
640,14
641,24
642,30
643,32
644,20
645,36
646,16
647,22
648,26
649,14
650,20
651,34
652,30
653,26
654,22
655,36
656,30
657,28
658,30
659,20
660,20
661,30
662,26
663,32
664,28
665,26
666,20
667,26
668,26
669,38
670,34
671,30
672,20
673,32
674,26
675,34
676,18
677,28
678,24
679,14
680,16
681,26
682,34
683,24
684,36
685,22
686,22
687,22
688,34
689,32
690,26
691,12
692,28
693,28
694,38
695,28
696,12
697,24
698,22
699,24
700,20
701,14
702,26
703,20
704,26
705,18
706,24
707,18
708,22
709,28
710,22
711,34
712,18
713,24
714,28
715,24
716,26
717,34
718,30
719,20
720,24
721,22
722,36
723,18
724,24
725,28
726,34
727,18
728,22
729,34
730,18
731,26
732,16
733,24
734,30
735,24
736,10
737,36
738,22
739,26
740,36
741,34
742,40
743,24
744,20
745,18
746,20
747,26
748,34
749,28
750,20
751,24
752,22
753,24
754,32
755,26
756,22
757,28
758,26
759,26
760,22
761,18
762,24
763,26
764,14
765,30
766,32
767,22
768,28
769,22
770,34
771,30
772,24
773,16
774,32
775,26
776,28
777,28
778,18
779,30
780,22
781,20
782,24
783,24
784,30
785,14
786,18
787,20
788,14
789,32
790,26
791,34
792,24
793,24
794,22
795,26
796,18
797,28
798,24
799,18
800,24
801,30
802,22
803,16
804,30
805,14
806,24
807,22
808,32
809,22
810,16
811,30
812,30
813,26
814,20
815,20
816,22
817,20
818,28
819,24
820,42
821,24
822,36
823,16
824,18
825,20
826,26
827,24
828,22
829,18
830,38
831,26
832,16
833,28
834,36
835,24
836,18
837,28
838,36
839,26
840,26
841,28
842,20
843,34
844,22
845,22
846,32
847,18
848,30
849,14
850,24
851,18
852,26
853,38
854,28
855,42
856,24
857,24
858,26
859,30
860,18
861,30
862,38
863,24
864,16
865,36
866,22
867,24
868,34
869,26
870,32
871,26
872,24
873,24
874,26
875,24
876,26
877,22
878,20
879,28
880,24
881,24
882,24
883,32
884,30
885,18
886,32
887,28
888,18
889,30
890,36
891,16
892,20
893,18
894,24
895,22
896,18
897,22
898,22
899,24
900,32
901,18
902,22
903,36
904,20
905,32
906,18
907,34
908,14
909,18
910,28
911,24
912,16
913,20
914,14
915,30
916,24
917,22
918,28
919,18
920,26
921,26
922,30
923,20
924,16
925,42
926,32
927,14
928,24
929,24
930,20
931,22
932,18
933,30
934,22
935,20
936,24
937,20
938,22
939,20
940,24
941,20
942,34
943,14
944,26
945,24
946,26
947,28
948,26
949,12
950,22
951,26
952,26
953,22
954,24
955,20
956,28
957,28
958,24
959,28
960,38
961,40
962,20
963,22
964,26
965,24
966,28
967,16
968,20
969,20
970,16
971,28
972,18
973,32
974,30
975,26
976,28
977,34
978,22
979,26
980,20
981,32
982,24
983,20
984,24
985,38
986,34
987,28
988,24
989,24
990,28
991,22
992,28
993,18
994,30
995,34
996,24
997,26
998,30
999,30
1000,18
1001,38
1002,18
1003,28
1004,34
1005,28
1006,26
1007,20
1008,38
1009,30
1010,30
1011,18
1012,30
1013,16
1014,22
1015,30
1016,30
1017,20
1018,24
1019,20
1020,28
1021,16
1022,24
1023,22
1024,32
1025,32
1026,18
1027,28
1028,30
1029,28
1030,20
1031,22
1032,36
1033,32
1034,26
1035,28
1036,20
1037,38
1038,34
1039,12
1040,26
1041,30
1042,24
1043,32
1044,30
1045,14
1046,36
1047,20
1048,20
1049,38
1050,22
1051,20
1052,26
1053,12
1054,24
1055,28
1056,24
1057,26
1058,26
1059,20
1060,24
1061,30
1062,32
1063,28
1064,26
1065,22
1066,32
1067,26
1068,26
1069,22
1070,30
1071,20
1072,26
1073,26
1074,22
1075,20
1076,28
1077,16
1078,22
1079,22
1080,34
1081,36
1082,24
1083,28
1084,40
1085,16
1086,16
1087,40
1088,30
1089,26
1090,22
1091,24
1092,24
1093,22
1094,34
1095,28
1096,22
1097,18
1098,20
1099,26
1100,32
1101,16
1102,20
1103,30
1104,16
1105,20
1106,18
1107,18
1108,28
1109,32
1110,20
1111,22
1112,16
1113,28
1114,32
1115,24
1116,32
1117,32
1118,20
1119,26
1120,34
1121,12
1122,14
1123,26
1124,20
1125,26
1126,24
1127,22
1128,30
1129,36
1130,24
1131,26
1132,22
1133,22
1134,18
1135,18
1136,26
1137,18
1138,22
1139,18
1140,28
1141,18
1142,30
1143,30
1144,28
1145,34
1146,24
1147,32
1148,24
1149,32
1150,22
1151,18
1152,28
1153,26
1154,18
1155,26
1156,32
1157,30
1158,24
1159,18
1160,22
1161,22
1162,20
1163,28
1164,20
1165,26
1166,20
1167,30
1168,26
1169,20
1170,18
1171,36
1172,26
1173,16
1174,20
1175,26
1176,36
1177,30
1178,26
1179,32
1180,26
1181,14
1182,24
1183,24
1184,22
1185,24
1186,20
1187,14
1188,32
1189,16
1190,18
1191,18
1192,20
1193,22
1194,26
1195,16
1196,26
1197,22
1198,22
1199,32
1200,26
1201,26
1202,16
1203,32
1204,38
1205,38
1206,28
1207,24
1208,30
1209,18
1210,34
1211,20
1212,34
1213,30
1214,20
1215,22
1216,22
1217,28
1218,22
1219,30
1220,20
1221,20
1222,26
1223,22
1224,40
1225,24
1226,24
1227,36
1228,24
1229,24
1230,30
1231,26
1232,16
1233,12
1234,24
1235,32
1236,24
1237,24
1238,22
1239,24
1240,34
1241,30
1242,26
1243,30
1244,26
1245,30
1246,18
1247,26
1248,12
1249,24
1250,30
1251,22
1252,20
1253,26
1254,26
1255,22
1256,26
1257,32
1258,14
1259,26
1260,34
1261,22
1262,22
1263,28
1264,26
1265,28
1266,22
1267,18
1268,32
1269,24
1270,18
1271,24
1272,20
1273,32
1274,24
1275,20
1276,32
1277,34
1278,34
1279,20
1280,22
1281,22
1282,26
1283,22
1284,28
1285,28
1286,30
1287,24
1288,16
1289,34
1290,30
1291,18
1292,18
1293,24
1294,28
1295,12
1296,26
1297,16
1298,22
1299,26
1300,28
1301,18
1302,22
1303,28
1304,14
1305,18
1306,28
1307,22
1308,30
1309,18
1310,22
1311,22
1312,24
1313,28
1314,24
1315,12
1316,28
1317,26
1318,18
1319,18
1320,22
1321,18
1322,20
1323,18
1324,18
1325,30
1326,36
1327,24
1328,34
1329,22
1330,32
1331,36
1332,32
1333,14
1334,20
1335,18
1336,26
1337,24
1338,16
1339,20
1340,22
1341,30
1342,26
1343,14
1344,28
1345,20
1346,34
1347,26
1348,26
1349,18
1350,20
1351,34
1352,28
1353,32
1354,24
1355,34
1356,16
1357,24
1358,22
1359,20
1360,38
1361,22
1362,24
1363,20
1364,32
1365,28
1366,28
1367,28
1368,32
1369,26
1370,18
1371,18
1372,30
1373,14
1374,30
1375,20
1376,32
1377,18
1378,24
1379,28
1380,22
1381,20
1382,30
1383,16
1384,28
1385,26
1386,28
1387,26
1388,32
1389,30
1390,26
1391,18
1392,28
1393,26
1394,16
1395,20
1396,24
1397,34
1398,30
1399,32
1400,24
1401,32
1402,30
1403,20
1404,20
1405,26
1406,26
1407,26
1408,22
1409,24
1410,20
1411,36
1412,26
1413,16
1414,26
1415,20
1416,24
1417,24
1418,32
1419,32
1420,24
1421,22
1422,28
1423,26
1424,24
1425,24
1426,26
1427,34
1428,24
1429,28
1430,22
1431,30
1432,34
1433,20
1434,34
1435,28
1436,22
1437,32
1438,16
1439,26
1440,28
1441,30
1442,18
1443,30
1444,34
1445,18
1446,22
1447,20
1448,20
1449,28
1450,20
1451,18
1452,20
1453,20
1454,32
1455,26
1456,18
1457,22
1458,16
1459,26
1460,32
1461,26
1462,32
1463,22
1464,24
1465,32
1466,26
1467,26
1468,24
1469,16
1470,20
1471,22
1472,20
1473,28
1474,26
1475,30
1476,18
1477,20
1478,18
1479,26
1480,40
1481,20
1482,22
1483,28
1484,16
1485,16
1486,24
1487,26
1488,18
1489,28
1490,30
1491,26
1492,30
1493,14
1494,32
1495,24
1496,30
1497,24
1498,28
1499,32
1500,36
1501,34
1502,20
1503,24
1504,28
1505,24
1506,16
1507,20
1508,12
1509,24
1510,36
1511,12
1512,28
1513,32
1514,28
1515,18
1516,18
1517,26
1518,28
1519,38
1520,26
1521,24
1522,22
1523,28
1524,24
1525,36
1526,30
1527,22
1528,10
1529,16
1530,28
1531,16
1532,24
1533,28
1534,24
1535,30
1536,28
1537,14
1538,26
1539,32
1540,20
1541,18
1542,26
1543,26
1544,28
1545,32
1546,32
1547,30
1548,38
1549,24
1550,40
1551,28
1552,18
1553,28
1554,20
1555,16
1556,28
1557,28
1558,26
1559,18
1560,24
1561,26
1562,22
1563,30
1564,22
1565,28
1566,24
1567,16
1568,16
1569,28
1570,20
1571,28
1572,22
1573,28
1574,26
1575,28
1576,22
1577,36
1578,34
1579,30
1580,30
1581,32
1582,26
1583,22
1584,28
1585,26
1586,28
1587,24
1588,34
1589,38
1590,24
1591,30
1592,28
1593,22
1594,24
1595,18
1596,22
1597,22
1598,28
1599,18
1600,22
1601,20
1602,16
1603,32
1604,24
1605,18
1606,16
1607,38
1608,36
1609,22
1610,18
1611,26
1612,32
1613,20
1614,32
1615,14
1616,28
1617,26
1618,26
1619,28
1620,32
1621,24
1622,24
1623,20
1624,22
1625,34
1626,22
1627,18
1628,26
1629,32
1630,26
1631,22
1632,30
1633,30
1634,28
1635,24
1636,22
1637,30
1638,32
1639,28
1640,28
1641,18
1642,30
1643,20
1644,20
1645,24
1646,20
1647,20
1648,24
1649,24
1650,18
1651,34
1652,22
1653,22
1654,22
1655,24
1656,24
1657,30
1658,22
1659,22
1660,36
1661,26
1662,34
1663,26
1664,28
1665,22
1666,24
1667,22
1668,20
1669,18
1670,26
1671,28
1672,20
1673,22
1674,22
1675,30
1676,28
1677,28
1678,26
1679,24
1680,38
1681,26
1682,32
1683,26
1684,24
1685,26
1686,34
1687,20
1688,24
1689,16
1690,14
1691,20
1692,32
1693,32
1694,26
1695,12
1696,24
1697,16
1698,30
1699,18
1700,14
1701,24
1702,26
1703,30
1704,42
1705,16
1706,18
1707,20
1708,28
1709,22
1710,24
1711,24
1712,40
1713,22
1714,24
1715,34
1716,32
1717,16
1718,24
1719,28
1720,28
1721,30
1722,32
1723,28
1724,22
1725,26
1726,26
1727,22
1728,18
1729,16
1730,22
1731,22
1732,30
1733,24
1734,26
1735,16
1736,24
1737,26
1738,32
1739,24
1740,22
1741,24
1742,16
1743,20
1744,34
1745,26
1746,24
1747,32
1748,22
1749,22
1750,32
1751,26
1752,26
1753,22
1754,18
1755,22
1756,20
1757,42
1758,26
1759,28
1760,28
1761,36
1762,30
1763,32
1764,30
1765,14
1766,20
1767,30
1768,24
1769,30
1770,32
1771,16
1772,22
1773,16
1774,28
1775,20
1776,22
1777,26
1778,22
1779,22
1780,24
1781,26
1782,26
1783,28
1784,24
1785,24
1786,34
1787,22
1788,32
1789,22
1790,18
1791,28
1792,24
1793,34
1794,30
1795,24
1796,20
1797,20
1798,22
1799,24
1800,24
1801,20
1802,22
1803,18
1804,24
1805,22
1806,30
1807,24
1808,18
1809,22
1810,20
1811,18
1812,30
1813,18
1814,38
1815,22
1816,32
1817,32
1818,20
1819,20
1820,18
1821,22
1822,20
1823,38
1824,24
1825,24
1826,32
1827,26
1828,18
1829,20
1830,20
1831,16
1832,22
1833,16
1834,10
1835,28
1836,14
1837,26
1838,24
1839,28
1840,20
1841,32
1842,24
1843,32
1844,20
1845,28
1846,18
1847,22
1848,30
1849,18
1850,16
1851,32
1852,22
1853,22
1854,22
1855,24
1856,30
1857,32
1858,24
1859,28
1860,36
1861,28
1862,32
1863,34
1864,24
1865,26
1866,16
1867,26
1868,32
1869,28
1870,16
1871,26
1872,22
1873,24
1874,22
1875,30
1876,16
1877,32
1878,26
1879,24
1880,26
1881,34
1882,22
1883,24
1884,38
1885,22
1886,28
1887,28
1888,28
1889,26
1890,26
1891,30
1892,26
1893,16
1894,24
1895,34
1896,24
1897,20
1898,20
1899,14
1900,28
1901,36
1902,28
1903,30
1904,24
1905,30
1906,32
1907,20
1908,18
1909,22
1910,16
1911,18
1912,14
1913,22
1914,34
1915,20
1916,22
1917,26
1918,28
1919,12
1920,24
1921,24
1922,26
1923,24
1924,14
1925,28
1926,28
1927,24
1928,22
1929,24
1930,22
1931,32
1932,24
1933,20
1934,28
1935,28
1936,32
1937,34
1938,24
1939,16
1940,20
1941,42
1942,24
1943,22
1944,18
1945,26
1946,22
1947,28
1948,28
1949,18
1950,28
1951,24
1952,26
1953,22
1954,20
1955,16
1956,22
1957,16
1958,32
1959,20
1960,18
1961,26
1962,26
1963,28
1964,24
1965,26
1966,32
1967,10
1968,30
1969,30
1970,32
1971,26
1972,24
1973,24
1974,16
1975,16
1976,32
1977,26
1978,20
1979,24
1980,6
1981,32
1982,16
1983,22
1984,30
1985,38
1986,24
1987,28
1988,22
1989,32
1990,34
1991,34
1992,24
1993,26
1994,16
1995,20
1996,30
1997,30
1998,28
1999,18
2000,28
2001,26
2002,22
2003,28
2004,20
2005,24
2006,12
2007,20
2008,26
2009,20
2010,20
2011,16
2012,26
2013,38
2014,14
2015,24
2016,18
2017,20
2018,10
2019,28
2020,30
2021,14
2022,24
2023,28
2024,32
2025,32
2026,26
2027,26
2028,24
2029,30
2030,32
2031,20
2032,26
2033,36
2034,32
2035,24
2036,14
2037,32
2038,24
2039,16
2040,26
2041,22
2042,32
2043,38
2044,30
2045,20
2046,24
2047,28
2048,28
2049,30
2050,20
2051,32
2052,30
2053,30
2054,24
2055,44
2056,26
2057,22
2058,22
2059,22
2060,22
2061,26
2062,32
2063,18
2064,18
2065,26
2066,28
2067,30
2068,32
2069,34
2070,22
2071,22
2072,12
2073,28
2074,28
2075,34
2076,24
2077,24
2078,22
2079,18
2080,12
2081,24
2082,28
2083,24
2084,28
2085,26
2086,22
2087,28
2088,18
2089,22
2090,18
2091,30
2092,20
2093,24
2094,28
2095,34
2096,34
2097,22
2098,26
2099,22
2100,28
2101,16
2102,28
2103,26
2104,40
2105,28
2106,28
2107,20
2108,20
2109,26
2110,20
2111,20
2112,24
2113,30
2114,26
2115,28
2116,18
2117,20
2118,30
2119,28
2120,18
2121,36
2122,28
2123,18
2124,22
2125,24
2126,24
2127,26
2128,22
2129,28
2130,34
2131,44
2132,40
2133,18
2134,30
2135,16
2136,24
2137,18
2138,20
2139,28
2140,28
2141,20
2142,28
2143,22
2144,24
2145,22
2146,28
2147,22
2148,18
2149,22
2150,24
2151,16
2152,28
2153,28
2154,32
2155,26
2156,30
2157,30
2158,22
2159,30
2160,18
2161,18
2162,36
2163,18
2164,24
2165,28
2166,22
2167,34
2168,20
2169,24
2170,26
2171,26
2172,26
2173,20
2174,32
2175,26
2176,18
2177,22
2178,24
2179,22
2180,28
2181,20
2182,22
2183,26
2184,8
2185,16
2186,24
2187,34
2188,20
2189,36
2190,24
2191,26
2192,26
2193,22
2194,18
2195,28
2196,34
2197,30
2198,28
2199,28
2200,32
2201,30
2202,36
2203,24
2204,22
2205,32
2206,22
2207,34
2208,26
2209,24
2210,24
2211,26
2212,24
2213,18
2214,38
2215,28
2216,32
2217,26
2218,30
2219,30
2220,30
2221,20
2222,16
2223,22
2224,32
2225,18
2226,22
2227,26
2228,18
2229,18
2230,26
2231,24
2232,24
2233,28
2234,30
2235,36
2236,22
2237,18
2238,36
2239,24
2240,24
2241,28
2242,24
2243,24
2244,28
2245,24
2246,12
2247,16
2248,22
2249,18
2250,14
2251,22
2252,26
2253,20
2254,28
2255,18
2256,26
2257,18
2258,36
2259,22
2260,32
2261,22
2262,28
2263,20
2264,28
2265,20
2266,26
2267,20
2268,20
2269,32
2270,34
2271,28
2272,20
2273,38
2274,20
2275,28
2276,28
2277,28
2278,24
2279,34
2280,36
2281,26
2282,32
2283,24
2284,34
2285,34
2286,8
2287,10
2288,20
2289,18
2290,28
2291,32
2292,24
2293,20
2294,22
2295,28
2296,22
2297,34
2298,22
2299,28
2300,22
2301,32
2302,36
2303,28
2304,28
2305,28
2306,30
2307,26
2308,22
2309,28
2310,20
2311,22
2312,24
2313,16
2314,22
2315,32
2316,26
2317,30
2318,22
2319,26
2320,28
2321,20
2322,30
2323,26
2324,28
2325,22
2326,38
2327,24
2328,32
2329,16
2330,18
2331,24
2332,22
2333,30
2334,20
2335,20
2336,16
2337,28
2338,28
2339,24
2340,30
2341,40
2342,30
2343,24
2344,24
2345,16
2346,24
2347,22
2348,24
2349,30
2350,32
2351,18
2352,22
2353,22
2354,26
2355,24
2356,16
2357,26
2358,26
2359,24
2360,34
2361,20
2362,18
2363,26
2364,20
2365,18
2366,38
2367,10
2368,38
2369,26
2370,24
2371,24
2372,18
2373,22
2374,32
2375,20
2376,16
2377,22
2378,18
2379,30
2380,30
2381,22
2382,28
2383,30
2384,22
2385,20
2386,18
2387,26
2388,34
2389,20
2390,22
2391,34
2392,20
2393,30
2394,18
2395,28
2396,32
2397,34
2398,34
2399,18
2400,20
2401,30
2402,26
2403,26
2404,14
2405,12
2406,24
2407,32
2408,26
2409,28
2410,18
2411,22
2412,12
2413,28
2414,22
2415,32
2416,28
2417,24
2418,30
2419,28
2420,32
2421,24
2422,28
2423,20
2424,22
2425,16
2426,32
2427,34
2428,36
2429,28
2430,26
2431,32
2432,30
2433,32
2434,28
2435,32
2436,22
2437,24
2438,14
2439,26
2440,36
2441,18
2442,18
2443,34
2444,24
2445,38
2446,30
2447,24
2448,36
2449,16
2450,28
2451,22
2452,30
2453,24
2454,18
2455,22
2456,36
2457,22
2458,14
2459,20
2460,28
2461,20
2462,26
2463,20
2464,18
2465,14
2466,26
2467,18
2468,20
2469,34
2470,28
2471,26
2472,14
2473,18
2474,26
2475,32
2476,24
2477,24
2478,38
2479,26
2480,32
2481,22
2482,32
2483,28
2484,16
2485,28
2486,40
2487,34
2488,18
2489,24
2490,30
2491,24
2492,32
2493,26
2494,34
2495,28
2496,20
2497,24
2498,34
2499,26
2500,20
2501,26
2502,18
2503,18
2504,30
2505,24
2506,26
2507,22
2508,30
2509,24
2510,38
2511,36
2512,24
2513,28
2514,18
2515,22
2516,26
2517,26
2518,18
2519,14
2520,28
2521,18
2522,24
2523,18
2524,28
2525,22
2526,30
2527,30
2528,22
2529,16
2530,22
2531,20
2532,18
2533,24
2534,24
2535,26
2536,30
2537,28
2538,22
2539,24
2540,22
2541,22
2542,26
2543,32
2544,22
2545,12
2546,34
2547,14
2548,16
2549,18
2550,22
2551,26
2552,26
2553,32
2554,26
2555,14
2556,28
2557,26
2558,24
2559,30
2560,28
2561,22
2562,14
2563,24
2564,24
2565,12
2566,32
2567,34
2568,32
2569,24
2570,20
2571,34
2572,24
2573,24
2574,32
2575,26
2576,28
2577,36
2578,16
2579,28
2580,24
2581,36
2582,24
2583,26
2584,20
2585,28
2586,22
2587,34
2588,22
2589,20
2590,28
2591,22
2592,26
2593,30
2594,22
2595,16
2596,24
2597,14
2598,14
2599,30
2600,18
2601,34
2602,24
2603,14
2604,24
2605,26
2606,28
2607,30
2608,22
2609,30
2610,18
2611,18
2612,30
2613,28
2614,30
2615,22
2616,22
2617,18
2618,32
2619,22
2620,26
2621,28
2622,18
2623,18
2624,20
2625,22
2626,20
2627,32
2628,36
2629,18
2630,36
2631,30
2632,36
2633,30
2634,26
2635,18
2636,32
2637,28
2638,36
2639,8
2640,16
2641,32
2642,22
2643,26
2644,30
2645,26
2646,18
2647,26
2648,18
2649,14
2650,26
2651,26
2652,24
2653,18
2654,28
2655,24
2656,22
2657,26
2658,24
2659,28
2660,24
2661,24
2662,18
2663,14
2664,24
2665,30
2666,26
2667,20
2668,20
2669,22
2670,24
2671,22
2672,26
2673,28
2674,12
2675,32
2676,26
2677,10
2678,18
2679,12
2680,34
2681,22
2682,24
2683,28
2684,24
2685,16
2686,32
2687,26
2688,30
2689,20
2690,22
2691,18
2692,26
2693,30
2694,36
2695,34
2696,22
2697,24
2698,16
2699,24
2700,22
2701,28
2702,20
2703,14
2704,26
2705,18
2706,26
2707,32
2708,26
2709,34
2710,14
2711,28
2712,36
2713,18
2714,36
2715,20
2716,16
2717,36
2718,36
2719,38
2720,22
2721,30
2722,32
2723,30
2724,26
2725,30
2726,32
2727,18
2728,18
2729,34
2730,26
2731,16
2732,22
2733,12
2734,32
2735,24
2736,18
2737,26
2738,16
2739,26
2740,28
2741,36
2742,28
2743,28
2744,22
2745,20
2746,26
2747,26
2748,20
2749,26
2750,22
2751,18
2752,26
2753,22
2754,36
2755,18
2756,34
2757,30
2758,26
2759,30
2760,20
2761,22
2762,30
2763,32
2764,22
2765,14
2766,16
2767,30
2768,12
2769,32
2770,24
2771,22
2772,18
2773,26
2774,34
2775,34
2776,32
2777,24
2778,24
2779,34
2780,12
2781,26
2782,14
2783,28
2784,24
2785,24
2786,28
2787,22
2788,32
2789,30
2790,22
2791,32
2792,24
2793,30
2794,26
2795,32
2796,28
2797,24
2798,20
2799,38
2800,22
2801,22
2802,20
2803,32
2804,34
2805,22
2806,30
2807,28
2808,30
2809,16
2810,30
2811,20
2812,22
2813,20
2814,28
2815,26
2816,30
2817,26
2818,28
2819,30
2820,22
2821,34
2822,30
2823,20
2824,22
2825,28
2826,20
2827,24
2828,26
2829,26
2830,20
2831,18
2832,32
2833,26
2834,34
2835,26
2836,30
2837,24
2838,42
2839,18
2840,20
2841,26
2842,26
2843,20
2844,28
2845,18
2846,30
2847,24
2848,26
2849,30
2850,28
2851,34
2852,34
2853,22
2854,32
2855,26
2856,30
2857,16
2858,26
2859,34
2860,24
2861,20
2862,22
2863,22
2864,28
2865,34
2866,28
2867,18
2868,32
2869,22
2870,20
2871,28
2872,22
2873,14
2874,34
2875,26
2876,32
2877,36
2878,38
2879,22
2880,20
2881,30
2882,18
2883,22
2884,34
2885,22
2886,32
2887,26
2888,28
2889,18
2890,22
2891,24
2892,32
2893,22
2894,32
2895,36
2896,28
2897,40
2898,16
2899,22
2900,18
2901,20
2902,26
2903,30
2904,26
2905,34
2906,26
2907,28
2908,30
2909,18
2910,26
2911,24
2912,16
2913,22
2914,16
2915,30
2916,38
2917,22
2918,22
2919,22
2920,24
2921,24
2922,30
2923,36
2924,30
2925,28
2926,24
2927,22
2928,32
2929,24
2930,22
2931,26
2932,28
2933,30
2934,20
2935,34
2936,24
2937,28
2938,26
2939,16
2940,18
2941,22
2942,32
2943,20
2944,18
2945,16
2946,22
2947,26
2948,26
2949,24
2950,28
2951,26
2952,22
2953,18
2954,30
2955,26
2956,26
2957,22
2958,28
2959,26
2960,22
2961,24
2962,24
2963,22
2964,42
2965,28
2966,20
2967,22
2968,26
2969,32
2970,28
2971,28
2972,16
2973,30
2974,24
2975,22
2976,28
2977,30
2978,18
2979,16
2980,26
2981,30
2982,24
2983,28
2984,24
2985,16
2986,14
2987,30
2988,30
2989,38
2990,30
2991,30
2992,20
2993,20
2994,28
2995,28
2996,16
2997,26
2998,26
2999,30
3000,28
3001,26
3002,26
3003,14
3004,26
3005,30
3006,32
3007,24
3008,26
3009,20
3010,14
3011,38
3012,14
3013,18
3014,22
3015,26
3016,20
3017,24
3018,16
3019,16
3020,24
3021,30
3022,26
3023,30
3024,28
3025,22
3026,20
3027,36
3028,34
3029,22
3030,34
3031,18
3032,22
3033,20
3034,28
3035,14
3036,28
3037,30
3038,20
3039,32
3040,32
3041,22
3042,18
3043,26
3044,22
3045,18
3046,22
3047,18
3048,24
3049,22
3050,38
3051,24
3052,20
3053,34
3054,14
3055,26
3056,28
3057,32
3058,26
3059,28
3060,24
3061,30
3062,30
3063,24
3064,22
3065,22
3066,34
3067,26
3068,20
3069,16
3070,26
3071,18
3072,20
3073,28
3074,34
3075,14
3076,26
3077,26
3078,22
3079,24
3080,20
3081,30
3082,20
3083,16
3084,22
3085,18
3086,28
3087,18
3088,32
3089,20
3090,30
3091,28
3092,30
3093,24
3094,30
3095,34
3096,34
3097,22
3098,30
3099,30
3100,26
3101,30
3102,28
3103,28
3104,22
3105,20
3106,20
3107,24
3108,20
3109,30
3110,28
3111,24
3112,28
3113,24
3114,30
3115,26
3116,20
3117,26
3118,26
3119,46
3120,28
3121,12
3122,28
3123,28
3124,32
3125,28
3126,18
3127,34
3128,26
3129,32
3130,24
3131,24
3132,22
3133,26
3134,12
3135,20
3136,26
3137,20
3138,36
3139,20
3140,20
3141,14
3142,16
3143,22
3144,32
3145,30
3146,36
3147,30
3148,28
3149,22
3150,26
3151,22
3152,16
3153,22
3154,16
3155,38
3156,26
3157,24
3158,18
3159,20
3160,20
3161,26
3162,26
3163,24
3164,24
3165,26
3166,20
3167,28
3168,32
3169,26
3170,18
3171,28
3172,16
3173,30
3174,38
3175,20
3176,20
3177,28
3178,34
3179,30
3180,26
3181,28
3182,22
3183,20
3184,24
3185,22
3186,18
3187,26
3188,28
3189,18
3190,26
3191,38
3192,22
3193,26
3194,28
3195,22
3196,20
3197,18
3198,22
3199,20
3200,16
3201,26
3202,30
3203,36
3204,18
3205,24
3206,20
3207,24
3208,26
3209,30
3210,34
3211,28
3212,38
3213,32
3214,12
3215,28
3216,18
3217,22
3218,16
3219,20
3220,26
3221,24
3222,36
3223,14
3224,16
3225,36
3226,32
3227,18
3228,28
3229,22
3230,20
3231,24
3232,26
3233,16
3234,24
3235,26
3236,26
3237,28
3238,28
3239,26
3240,12
3241,36
3242,28
3243,20
3244,22
3245,34
3246,22
3247,24
3248,28
3249,26
3250,24
3251,28
3252,32
3253,16
3254,16
3255,30
3256,36
3257,30
3258,32
3259,30
3260,30
3261,20
3262,20
3263,22
3264,26
3265,22
3266,28
3267,26
3268,22
3269,26
3270,22
3271,36
3272,30
3273,28
3274,24
3275,16
3276,22
3277,26
3278,20
3279,20
3280,20
3281,36
3282,36
3283,12
3284,32
3285,18
3286,24
3287,30
3288,26
3289,22
3290,34
3291,30
3292,18
3293,22
3294,14
3295,38
3296,20
3297,16
3298,28
3299,20
3300,14
3301,22
3302,14
3303,22
3304,22
3305,22
3306,26
3307,38
3308,20
3309,20
3310,22
3311,34
3312,20
3313,20
3314,20
3315,20
3316,18
3317,16
3318,16
3319,18
3320,34
3321,16
3322,24
3323,30
3324,24
3325,24
3326,32
3327,24
3328,22
3329,22
3330,26
3331,18
3332,18
3333,18
3334,30
3335,32
3336,20
3337,28
3338,32
3339,18
3340,12
3341,36
3342,24
3343,34
3344,28
3345,20
3346,28
3347,18
3348,32
3349,24
3350,32
3351,30
3352,14
3353,18
3354,18
3355,32
3356,18
3357,28
3358,32
3359,20
3360,24
3361,30
3362,30
3363,30
3364,16
3365,30
3366,24
3367,30
3368,26
3369,26
3370,34
3371,36
3372,34
3373,28
3374,34
3375,14
3376,28
3377,16
3378,26
3379,30
3380,32
3381,28
3382,24
3383,20
3384,16
3385,26
3386,18
3387,32
3388,32
3389,26
3390,26
3391,18
3392,30
3393,24
3394,18
3395,24
3396,18
3397,26
3398,28
3399,20
3400,28
3401,32
3402,30
3403,24
3404,30
3405,12
3406,22
3407,24
3408,24
3409,22
3410,24
3411,26
3412,38
3413,26
3414,24
3415,22
3416,18
3417,40
3418,20
3419,28
3420,26
3421,36
3422,24
3423,26
3424,28
3425,28
3426,24
3427,22
3428,22
3429,22
3430,16
3431,18
3432,14
3433,24
3434,22
3435,24
3436,34
3437,26
3438,30
3439,32
3440,24
3441,22
3442,28
3443,24
3444,14
3445,36
3446,26
3447,26
3448,20
3449,32
3450,26
3451,30
3452,32
3453,30
3454,22
3455,24
3456,26
3457,30
3458,24
3459,20
3460,22
3461,20
3462,16
3463,26
3464,32
3465,20
3466,28
3467,24
3468,24
3469,30
3470,32
3471,34
3472,22
3473,34
3474,14
3475,28
3476,30
3477,20
3478,38
3479,30
3480,18
3481,24
3482,26
3483,22
3484,22
3485,32
3486,32
3487,22
3488,20
3489,18
3490,26
3491,32
3492,28
3493,46
3494,18
3495,20
3496,22
3497,28
3498,26
3499,30
3500,18
3501,22
3502,28
3503,16
3504,34
3505,24
3506,30
3507,30
3508,44
3509,28
3510,28
3511,16
3512,20
3513,24
3514,36
3515,34
3516,36
3517,26
3518,28
3519,20
3520,30
3521,20
3522,30
3523,24
3524,24
3525,32
3526,16
3527,24
3528,24
3529,20
3530,30
3531,22
3532,16
3533,22
3534,34
3535,20
3536,34
3537,30
3538,22
3539,28
3540,16
3541,26
3542,24
3543,24
3544,18
3545,24
3546,26
3547,30
3548,26
3549,32
3550,30
3551,34
3552,26
3553,34
3554,26
3555,28
3556,26
3557,22
3558,38
3559,30
3560,18
3561,22
3562,30
3563,34
3564,18
3565,26
3566,20
3567,24
3568,38
3569,18
3570,28
3571,28
3572,34
3573,20
3574,28
3575,24
3576,24
3577,18
3578,16
3579,24
3580,20
3581,20
3582,26
3583,20
3584,26
3585,28
3586,30
3587,26
3588,28
3589,18
3590,20
3591,16
3592,22
3593,22
3594,28
3595,22
3596,18
3597,26
3598,20
3599,20
3600,14
3601,22
3602,26
3603,30
3604,16
3605,22
3606,20
3607,22
3608,22
3609,22
3610,22
3611,32
3612,28
3613,30
3614,16
3615,24
3616,20
3617,24
3618,26
3619,34
3620,12
3621,22
3622,34
3623,32
3624,28
3625,18
3626,16
3627,24
3628,20
3629,18
3630,26
3631,24
3632,20
3633,32
3634,14
3635,28
3636,32
3637,20
3638,30
3639,30
3640,32
3641,28
3642,24
3643,26
3644,28
3645,26
3646,20
3647,26
3648,24
3649,24
3650,26
3651,40
3652,32
3653,26
3654,10
3655,18
3656,36
3657,32
3658,30
3659,40
3660,22
3661,28
3662,16
3663,18
3664,20
3665,24
3666,30
3667,20
3668,28
3669,26
3670,26
3671,26
3672,28
3673,22
3674,30
3675,34
3676,26
3677,24
3678,34
3679,38
3680,28
3681,22
3682,24
3683,20
3684,26
3685,34
3686,22
3687,28
3688,16
3689,16
3690,22
3691,24
3692,24
3693,18
3694,20
3695,26
3696,30
3697,30
3698,30
3699,42
3700,34
3701,30
3702,20
3703,32
3704,26
3705,30
3706,24
3707,22
3708,22
3709,16
3710,26
3711,26
3712,26
3713,30
3714,22
3715,26
3716,20
3717,22
3718,16
3719,26
3720,26
3721,20
3722,28
3723,30
3724,34
3725,32
3726,16
3727,36
3728,22
3729,16
3730,26
3731,40
3732,30
3733,18
3734,28
3735,24
3736,40
3737,22
3738,22
3739,26
3740,32
3741,16
3742,20
3743,20
3744,26
3745,30
3746,20
3747,12
3748,30
3749,22
3750,16
3751,26
3752,26
3753,36
3754,30
3755,30
3756,26
3757,24
3758,38
3759,28
3760,24
3761,28
3762,24
3763,30
3764,32
3765,30
3766,30
3767,16
3768,18
3769,28
3770,24
3771,24
3772,26
3773,22
3774,20
3775,34
3776,26
3777,24
3778,30
3779,26
3780,24
3781,30
3782,16
3783,22
3784,26
3785,34
3786,24
3787,30
3788,22
3789,26
3790,26
3791,18
3792,28
3793,34
3794,20
3795,28
3796,26
3797,32
3798,24
3799,32
3800,28
3801,28
3802,26
3803,22
3804,8
3805,22
3806,28
3807,26
3808,20
3809,24
3810,18
3811,20
3812,24
3813,18
3814,28
3815,24
3816,28
3817,38
3818,22
3819,26
3820,24
3821,26
3822,20
3823,18
3824,26
3825,22
3826,26
3827,26
3828,26
3829,36
3830,20
3831,22
3832,34
3833,28
3834,36
3835,26
3836,26
3837,22
3838,36
3839,26
3840,20
3841,30
3842,16
3843,26
3844,22
3845,26
3846,34
3847,34
3848,22
3849,20
3850,32
3851,20
3852,24
3853,24
3854,26
3855,32
3856,28
3857,30
3858,26
3859,16
3860,20
3861,16
3862,10
3863,14
3864,28
3865,24
3866,30
3867,34
3868,22
3869,28
3870,34
3871,24
3872,26
3873,26
3874,16
3875,22
3876,18
3877,24
3878,28
3879,32
3880,26
3881,28
3882,22
3883,28
3884,34
3885,22
3886,18
3887,26
3888,24
3889,28
3890,30
3891,26
3892,22
3893,28
3894,34
3895,30
3896,24
3897,34
3898,28
3899,26
3900,22
3901,22
3902,18
3903,12
3904,24
3905,34
3906,28
3907,26
3908,24
3909,28
3910,24
3911,24
3912,26
3913,28
3914,34
3915,28
3916,30
3917,20
3918,30
3919,30
3920,28
3921,42
3922,24
3923,20
3924,22
3925,20
3926,28
3927,24
3928,26
3929,26
3930,22
3931,22
3932,20
3933,34
3934,36
3935,32
3936,28
3937,20
3938,26
3939,18
3940,26
3941,24
3942,22
3943,10
3944,20
3945,34
3946,22
3947,32
3948,18
3949,22
3950,24
3951,24
3952,28
3953,26
3954,28
3955,30
3956,22
3957,28
3958,18
3959,12
3960,22
3961,32
3962,18
3963,36
3964,14
3965,20
3966,22
3967,22
3968,28
3969,36
3970,30
3971,26
3972,34
3973,16
3974,20
3975,28
3976,28
3977,32
3978,24
3979,34
3980,22
3981,24
3982,22
3983,10
3984,22
3985,26
3986,28
3987,14
3988,22
3989,20
3990,20
3991,32
3992,10
3993,22
3994,22
3995,26
3996,32
3997,30
3998,20
3999,14
